K;FD;DET;;
1001 vd1.1;1001 d1;1940;;
1001 vd2.1;1001 d2;1941;;
1002 vd1.1;1002 d1;1908;;
1002 vd1.2;1002 d2;1906;;
1002 vd2.1;1002 d3;1904;;
1002 vd2.2;1002 d4;1905;;
1003 d1;1003 d1;1221;;
1003 d10;1003 d10;1230;;
1003 d11;1003 d11;1231;;
1003 d2;1003 d2;1222;;
1003 d3;1003 d3;1223;;
1003 d4;1003 d4;1224;;
1003 d5;1003 d5;1225;;
1003 d6;1003 d6;1226;;
1003 d7;1003 d7;1227;;
1003 d8;1003 d8;1228;;
1003 d9;1003 d9;1229;;
1004 vd1.1;1004 d1;1902;;
1004 vd1.2;1004 d2;1901;;
1004 vd2.1;1004 d3;1899;;
1004 vd2.2;1004 d4;1903;;
1005 d1;1005 d4;1891;;
1005 d2;1005 d5;1897;;
1005 d3;1005 d6;1892;;
1005 d4;1005 d7;1889;;
1005 d6;1005 d9;1895;;
1005 d7;1005 d10;1894;;
1005 vd1.1;1005 d10;1890;;
1005 vd2.1;1005 d2;1893;;
1006 vd1.1;1006 d1;1443;;
1007 d1;1007 d1;1225;;
1007 d10;1007 d10;1246;;
1007 d11;1007 d11;1245;;
1007 d2;1007 d2;1254;;
1007 d3;1007 d3;1253;;
1007 d4;1007  d4;1252;;
1007 d5;1007 d5;1251;;
1007 d6;1007 d6;1250;;
1007 d7;1007 d7;1249;;
1007 d8;1007 d8;1248;;
1007 d9;1007 d9;1247;;
1008 d1;1008 d1;1116;;
1008 d2;1008 d2;1107;;
1008 d3;1008 d3;1117;;
1008 d4;1008 d4;113;;
1008 d5;1008 d5;1115;;
1008 d6;1008 d6;115;;
1008 d7;1008 d7;1219;;
1008 d8;1008 d8;1106;;
1009 vd1.2;1009 d2;596;;
1009 vd1.3;1009 d3;597;;
1009 vd2.1;1009 d4;598;;
1009 vd2.2;1009 d5;599;;
1009 vd3.1;1009 d6;6;;
1009 vd3.2;1009 d7;60;;
1009 vd4.1;1009 d8;600;;
1009 vd4.2;1009 d9;776;;
1009 vd5.2;1009 d11;778;;
1009 vd6.1;1009 d12;779;;
1009 vd6.2;1009 d13;78;;
1010 D1;1010 D1;1875;;
1010 D2;1010 D2;1874;;
1010 D3;1010 D3;1876;;
1010 D4;1010 D4;1877;;
1011 VD1.1;1011 D1;1936;;
1011 VD1.2;1011 D2;1937;;
1013 VD3.1;1013 D3;1930;;
1011 VD2.2;1011 D4;1935;;
1013 VD1.1;1013 D1;1932;;
1013 VD2.1;1013 D2;1931;;
1013 VD3.1;1013 D3;1930;;
1013 VD4.1;1013 D4;1933;;
1014 D1;1014 D1;1922;;
1014 D10;1014 D10;1928;;
1014 D2;1014 D2;1920;;
1014 D3;1014 D3;1925;;
1014 D4;1014 D4;1924;;
1014 D5;1014 D5;1929;;
1014 D6;1014 D6;1927;;
1014 D7;1014 D7;1926;;
1014 D8;1014 D8;1921;;
1014 D9;1014 D9;1923;;
1015 VD1.1;1015 D1;1311;;
1015 VD2.1;1015 D2;1310;;
1016 D1;1016 D1;1868;;
1016 D2;1016 D2;1865;;
1016 D3;1016 D3;1863;;
1016 D4;1016 D4;1864;;
1016 D5;1016 D5;1870;;
1016 D6;1016 D6;1872;;
1016 D7;1016 D7;1871;;
1016 D8;1016 D8;1869;;
1016 D9;1016 D9;1866;;
1017 VD1.1;1017 D1;1862;;
1017 VD2.1;1017 D2;1860;;
1018 D1;1018 D1;1234;;
1018 D2;1018 D2;1235;;
1018 D3;1018 D3;1236;;
1018 D4;1018 D4;1237;;
1018 D5;1018 D5;1238;;
1018 D6;1018 D6;1239;;
1018 D7;1018 D7;1240;;
1018 D8;1018 D8;1241;;
1019 VD1.1;1019 D1;280;;
1019 VD1.2;1019 D2;281;;
1019 VD2.1;1019 D2;282;;
1019 VD3.1;1019 D4;283;;
1019 VD3.2;1019 D5;284;;
1019 VD4.1;1019 D6;285;;
101 D6;101 D15;104;;
101 D7;101 D16;1040;;
101 D8;101 D17;1041;;
101 VD4.1;101 D8;1033;;
101 VD4.2;101 D9;1034;;
1020 VD1.1;1020 D1;1859;;
1020 VD2.1;1020 D2;1858;;
1021 VD1.1;1021 D1;1853;;
1021 VD1.2;1021 D2;1856;;
1021 VD2.1;1021 D3;1855;;
1021 VD2.2;1021 D4;1854;;
1023 VD1.1;1023 D1;1848;;
1023 VD1.2;1023 D2;1850;;
1024 VD1.1;1024 D1;1846;;
1024 VD1.2;1024 D2;1844;;
1024 VD2.1;1024 D3;1843;;
1024 VD2.2;1024 D4;1847;;
1025 VD1.1;1025 D1;1917;;
1025 VD1.2;1025 D2;1915;;
1025 VD2.1;1025 D3;1914;;
1025 VD2.2;1025 D4;1919;;
1026 VD1.1;1026 D1;1910;;
1026 VD1.2;1026 D2;1912;;
1026 VD2.1;1026 D3;1911;;
1026 VD2.2;1026 D4;1913;;
1027 VD1.1;1027 D1;782;;
1027 VD1.2;1027 D2;783;;
1027 VD2.1;1027 D3;784;;
1027 VD2.2;1027 D4;785;;
1027 VD3.1;1027 D5;786;;
1027 VD3.2;1027 D6;787;;
1027 VD4.1;1027 D7;788;;
1027 VD4.2;1027 D8;789;;
1028 VD1.1;1028 D1;1841;;
1028 VD2.1;1028 D2;1840;;
1029 VD1.1;1029 D1;604;;
1029 VD1.2;1029 D2;605;;
1029 VD1.3;1029 D3;606;;
1029 VD2.1;1029 D4;607;;
1029 VD2.2;1029 D5;608;;
1029 VD3.1;1029 D6;609;;
1029 VD3.2;1029 D7;61;;
1029 VD4.1;1029 D8;734;;
1029 VD4.3;1029 D10;760;;
102 D1;102 D1;0;;
102 D12;102 D12;1004;;
102 D13;102 D13;1005;;
102 D3;102 D3;710;;
102 D4;102 D4;10;;
102 D5;102 D5;100;;
102 D6;102 D6;730;;
102 D7;102 D7;1000;;
102 D8;102 D8;1001;;
102 D9;102 D9;928;;
1030 VD1.1;1030 D1;79;;
1030 VD2.1;1030 D2;790;;
1030 VD3.1;1030 D3;791;;
1030 VD4.1;1030 D4;792;;
1031 VD1.1;1031 D1;793;;
1031 VD1.2;1031 D2;794;;
1031 VD2.1;1031 D3;936;;
1031 VD2.2;1031 D4;937;;
1031 VD3.1;1031 D5;938;;
1031 VD3.2;1031 D6;939;;
1031 VD4.1;1031 D7;94;;
1031 VD4.2;1031 D8;940;;
1032 VD1.1;1032 D1;1829;;
1032 VD1.2;1032 D2;1830;;
1032 VD2.1;1032 D3;1832;;
1032 VD2.2;1032 D4;1837;;
1032 VD2.3;1032 D5;1836;;
1032 VD3.1;1032 D6;1838;;
1032 VD3.2;1032 D7;1833;;
1032 VD4.1;1032 D8;1831;;
1032 VD4.2;1032 D9;1834;;
1032 VD5.1;1032 D10;1835;;
103 VD2.1;103 D4;1081;;
103 VD2.2;103 D5;1082;;
103 VD2.3;103 D6;1083;;
104 VD1.1;104 D1;1094;;
104 VD2.1;104 D4;1097;;
104 VD2.2;104 D5;1098;;
104 VD2.3;104 D6;1099;;
104 VD3.1;104 D7;11;;
104 VD3.2;104 D8;110;;
104 VD3.3;104 D9;1100;;
105 D1;105 D10;1129;;
105 VD1.1;105 D1;1120;;
105 VD1.2;105 D2;1121;;
105 VD2.1;105 D3;1122;;
105 VD2.2;105 D4;1123;;
105 VD3.1;105 D5;1124;;
105 VD3.2;105 D6;1125;;
105 VD3.3;105 D7;1126;;
106 VD1.1;106 D1;1150;;
106 VD1.2;106 D2;1151;;
106 VD1.3;106 D3;1152;;
106 VD2.1;106 D4;1153;;
106 VD2.2;106 D5;1154;;
106 VD5.1;106 D8;1157;;
106 VD8.1;106 D11;116;;
107 VD1.1;107 D1;128;;
107 VD1.2;107 D2;129;;
107 VD1.3;107 D3;13;;
107 VD2.1;107 D4;130;;
107 VD2.2;107 D5;131;;
107 VD2.3;107 D6;132;;
107 VD3.1;107 D7;133;;
107 VD3.2;107 D8;134;;
107 VD6.1;107 D12;138;;
107 VD6.2;107 D13;139;;
108 VD1.1;108 D1;165;;
108 VD1.2;108 D2;166;;
108 VD2.1;108 D3;167;;
108 VD2.2;108 D4;168;;
109 VD1.1;109 D1;182;;
109 VD1.2;109 D2;183;;
109 VD4.1;109 D5;186;;
109 VD5.1;109 D6;187;;
109 VD5.2;109 D7;188;;
109 VD8.1;109 D10;190;;
110 VD2.1;110 D3;206;;
110 VD2.2;110 D4;207;;
110 VD2.3;110 D5;208;;
110 VD5.1;110 D8;210;;
110 VD5.2;110 D9;211;;
110 VD5.3;110 D10;212;;
110 VD6.1;110 D11;213;;
110 VD6.2;110 D12;214;;
111 VD1.1;111 D1;240;;
111 VD1.2;111 D2;241;;
111 VD4.1;111 D5;244;;
111 VD5.1;111 D6;245;;
111 VD5.2;111 D7;246;;
111 VD8.1;111 D10;249;;
112 VD1.1;112 D1;1178;;
112 VD1.2;112 D2;1160;;
112 VD3.1;112 D5;1179;;
112 VD3.2;112 D6;1174;;
112 VD6.1;112 D10;1161;;
112 VD7.1;112 D11;1176;;
113 VD1.1;113 D1;1162;;
113 VD1.2;113 D2;1163;;
113 VD2.1;113 D3;1164;;
113 VD2.2;113 D4;1165;;
113 VD3.2;113 D6;1167;;
113 VD6.1;113 D10;1171;;
113 VD6.2;113 D11;1184;;
114 D1;114 D17;333;;
114 D2;114 D18;334;;
114 VD2.1;114 D2;32;;
114 VD2.2;114 D3;320;;
114 VD2.3;114 D4;321;;
114 VD4.1;114 D7;324;;
114 VD4.2;114 D8;325;;
114 VD4.3;114 D9;326;;
114 VD5.2;114 D11;328;;
114 VD5.3;114 D12;329;;
114 VD7.1;114 D15;331;;
114 VD8.1;114 D16;332;;
115 D1;115 D1;365;;
115 D10;115 D10;373;;
115 D11;115 D11;374;;
115 D12;115 D12;375;;
115 D13;115 D13;376;;
115 D14;115 D14;377;;
115 D2;115 D2;366;;
115 D3;115 D3;367;;
115 D4;115 D4;368;;
115 D5;115 D5;369;;
115 D6;115 D6;37;;
115 D7;115 D7;370;;
115 D8;115 D8;371;;
115 D9;115 D9;372;;
116 D10;116 D10;396;;
116 D11;116 D11;397;;
116 D15;116 D15;40;;
116 D16;116 D16;400;;
116 D17;116 D17;401;;
116 D2;116 D2;389;;
116 D3;116 D3;39;;
116 D5;116 D5;391;;
116 D6;116 D6;392;;
116 D7;116 D7;393;;
117 D1;117 D3;261;;
117 D2;117 D4;262;;
117 D3;117 D5;263;;
117 D4;117 D6;264;;
117 VD1.1;117 D1;26;;
117 VD1.2;117 D2;260;;
118 VD1.1;118 D1;154;;
118 VD1.2;118 D2;648;;
118 VD1.3;118 D3;511;;
118 VD2.1;118 D4;740;;
118 VD4.1;118 D6;1045;;
118 VD4.2;118 D7;1046;;
118 VD4.3;118 D8;1043;;
119 VD1.1;119 D1;1015;;
119 VD1.1;119 D1;1015;;
119 VD1.2;119 D2;1016;;
119 VD2.1;119 D3;1017;;
119 VD3.1;119 D4;1019;;
119 VD3.2;119 D5;102;;
119 VD4.1;119 D8;1022;;
119 VD4.2;119 D9;1023;;
119 VD5.1;119 D6;1020;;
119 VD5.2;119 D7;1021;;
120 VD1.1;120 D1;1024;;
120 VD2.1;120 D2;1025;;
121 D1;121 D1;1051;;
121 D10;121 D10;1052;;
121 D11;121 D11;1053;;
121 D2;121 D2;1018;;
121 D5;121 D5;1063;;
121 D7;121 D7;1060;;
121 D9;121 D9;1058;;
151 VD1.1;151 D1;1955;;
151 VD2.1;151 D2;1972;;
151 VD2.2;151 D3;1047;;
152 VD1.1;152 D1;105;;
152 VD2.1;152 D3;1026;;
152 VD3.1;152 D4;999;;
152 VD4.1;152 D5;998;;
152 VD4.2;152 D6;997;;
152 VD6.1;152 D8;995;;
153 VD1.1;153 D1;300;;
153 VD1.2;153 D2;30;;
153 VD1.3;153 D3;383;;
153 VD2.1;153 D4;298;;
153 VD2.2;153 D5;475;;
153 VD4.1;153 D8;301;;
153 VD4.2;153 D9;299;;
153 VD5.1;153 D10;479;;
153 VD5.2;153 D11;302;;
154 VD1.2;154 D2;1421;;
154 VD3.1;154 D4;1423;;
154 VD4.1;154 D5;1424;;
154 VD4.2;154 D6;1425;;
155 VD1.1;155 D1;1434;;
155 VD1.2;155 D2;1426;;
155 VD2.1;155 D3;1433;;
155 VD2.2;155 D4;1442;;
156 VD1.1;156 D1;958;;
156 VD2.1;156 D2;968;;
156 VD2.2;156 D3;879;;
156 VD3.1;156 D4;96;;
156 VD3.2;156 D5;970;;
156 VD4.1;156 D6;97;;
156 VD4.2;156 D7;971;;
156 VD5.1;156 D8;962;;
156 VD5.2;156 D9;963;;
201 VD1.1;201 D1;158;;
201 VD1.2;201 D2;1583;;
201 VD2.1;201 D3;955;;
201 VD3.1;201 D4;954;;
201 VD3.2;201 D5;953;;
201 VD3.3;201 D6;952;;
201 VD4.1;201 D7;951;;
201 VD5.1;201 D8;950;;
201 VD6.1;201 D9;95;;
201 VD6.2;201 D10;949;;
201 VD7.1;201 D11;948;;
201 VD7.2;201 D12;947;;
201 VD8.1;201 D13;946;;
201 VD8.2;201 D14;945;;
201 VD9.1;201 D15;1584;;
202 VD1.1;202 D1;942;;
202 VD1.2;202 D2;959;;
202 VD2.1;202 D5;420;;
202 VD2.2;202 D3;934;;
202 VD3.1;202 D4;484;;
202 VD4.1;202 D7;935;;
202 VD4.2;202 D6;965;;
202 VD5.1;202 D8;941;;
202 VD5.2;202 D9;943;;
203 D1;203 D1;926;;
203 D10;203 D10;918;;
203 D11;203 D11;917;;
203 D12;203 D12;916;;
203 D13;203 D13;915;;
203 D14;203 D14;914;;
203 D15;203 D15;913;;
203 D16;203 D16;912;;
203 D2;203 D2;925;;
203 D3;203 D3;924;;
203 D4;203 D4;923;;
203 D5;203 D5;922;;
203 D6;203 D6;921;;
203 D7;203 D7;920;;
203 D8;203 D8;92;;
203 D9;203 D9;919;;
204 VD1.1;204 D1;911;;
204 VD1.2;204 D2;910;;
204 VD2.1;204 D3;91;;
204 VD2.2;204 D4;909;;
204 VD3.1;204 D5;908;;
204 VD4.1;204 D6;907;;
204 VD5.1;204 D7;906;;
205 VD1.1;205 D1;904;;
205 VD1.2;205 D2;903;;
205 VD2.1;205 D3;902;;
205 VD2.2;205 D4;901;;
206 D1;206 D12;899;;
206 D2;206 D13;880;;
206 D3;206 D14;885;;
206 D4;206 D15;892;;
206 D5;206 D16;881;;
206 D6;206 D17;890;;
206 D7;206 D18;90;;
206 D8;206 D19;889;;
206 D9;206 D20;882;;
206 VD1.1;206 D1;886;;
206 VD1.2;206 D2;891;;
206 VD1.3;206 D3;898;;
206 VD2.1;206 D4;888;;
206 VD2.2;206 D5;893;;
206 VD3.1;206 D6;9;;
206 VD3.2;206 D7;897;;
206 VD3.3;206 D8;883;;
206 VD4.1;206 D9;884;;
206 VD4.2;206 D10;887;;
206 VD4.3;206 D11;88;;
207 VD1.2;207 D2;877;;
207 VD10.1;207 D17;863;;
207 VD10.2;207 D18;862;;
207 VD11.1;207 D19;861;;
207 VD12.1;207 D20;860;;
207 VD12.2;207 D21;86;;
207 VD12.3;207 D22;859;;
207 VD2.1;207 D3;876;;
207 VD3.1;207 D4;875;;
207 VD3.2;207 D5;874;;
207 VD4.1;207 D6;876;;
207 VD5.1;207 D7;872;;
207 VD5.2;207 D8;871;;
207 VD6.1;207 D9;870;;
207 VD6.2;207 D10;87;;
207 VD7.1;207 D11;869;;
207 VD7.2;207 D12;868;;
207 VD8.1;207 D13;867;;
207 VD9.1;207 D14;866;;
207 VD9.2;207 D15;865;;
207 VD9.3;207 D16;864;;
209 VD1.1;209 D1;1616;;
209 VD1.2;209 D2;857;;
209 VD2.1;209 D3;856;;
209VD2.2;209 D4;855;;
210 VD1.1;210 D1;853;;
210 VD1.2;210 D2;852;;
210 VD2.1;210 D3;851;;
210 VD2.2;210 D4;850;;
210 VD3.1;210 D5;85;;
210 VD3.2;210 D6;849;;
210 VD4.1;210 D7;848;;
210 VD4.2;210 D8;847;;
210 VD5.1;210 D9;846;;
211 VD1.1;210 D1;844;;
210 VD1.2;211 D2;843;;
210 VD2.1 ;211 D4;841;;
210 VD2.1;211 D3;842;;
210 VD 3.1;211 D5;840;;
210 VD3.2;211 D6;84;;
210 VD3.3;211 D7;839;;
210 VD4.1;211 D8;840;;
210 VD5.1;211 D9;837;;
210 VD6.1;211 D10;836;;
210 VD7.1;211 D11;835;;
210 VD7.2;211 D12;834;;
213 D1;213 D1;832;;
213 D10;213 D10;824;;
213 D11;213 D11;823;;
213 D12;213 D12;822;;
213 D13;213 D13;821;;
213 D14;213 D14;820;;
213 D15;213 D15;82;;
213 D16;213 D16;819;;
213 D17;213 D17;818;;
213 D18;213 D18;817;;
213 D19;213 D19;816;;
213 D2;213 D2;831;;
213 D20;213 D20;815;;
213 D21;213 D21;814;;
213 D22;213 D22;813;;
213 D23;213 D23;812;;
213 D3;213 D3;830;;
213 D4;213 D4;83;;
213 D5;213 D5;829;;
213 D6;213 D6;828;;
213 D7;213 D7;827;;
213 D8;213 D8;826;;
213 D9;213 D9;825;;
214 D1;214 D1;811;;
214 D10;214 D10;803;;
214 D11;214 D11;802;;
214 D12;214 D12;801;;
214 D13;214 D13;800;;
214 D14;214 D14;80;;
214 D15;214 D15;8;;
214 D16;214 D16;799;;
214 D2;214 D2;32;;
214 D3;214 D3;81;;
214 D4;214 D4;809;;
214 D5;214 D5;322;;
214 D6;214 D6;807;;
214 D7;214 D7;806;;
214 D8;214 D8;805;;
214 D9;214 D9;326;;
215 VD12.1;215 D21;1370;;
215 VD1.1;215 D1;1367;;
215 VD1.2 (7.1);215 D12;1361;;
215 VD10.1;215 D17;1373;;
215 VD10.2;215 D18;1358;;
215 VD11.1;216 D11;750;;
215 VD11.2;215 D20;1359;;
215 VD2.1;215 D3;1365;;
215 VD3.1;215 D4;1368;;
215 VD3.2;215 D5;1356;;
215 VD4.1;215 D6;1355;;
215 VD4.2;215 D7;1372;;
215 VD5.1;215 D8;1374;;
215 VD6.1;215 D10;1369;;
215 VD6.2;215 D11;1364;;
215 VD7.1;215 D12;1361;;
215 VD8.1;215 D13;1360;;
215 VD8.2;215 D14;1371;;
215 VD8.3;215 D15;1366;;
215 VD9.1;215 D16;1363;;
216 D1;216 D1;76;;
216 D10;216 D10;751;;
216 D11;216 D11;750;;
216 D12;216 D12;75;;
216 D13;216 D13;749;;
216 D14;216 D14;748;;
216 D15;216 D15;747;;
216 D16;216 D16;746;;
216 D17;216 D17;745;;
216 D18;216 D18;744;;
216 D19;216 D19;743;;
216 D2;216 D2;759;;
216 D20;216 D20;742;;
216 D3;216 D3;758;;
216 D4;216 D4;757;;
216 D5;216 D5;756;;
216 D6;216 D6;755;;
216 D7;216 D7;754;;
216 D8;216 D8;753;;
216 D9;216 D9;752;;
217 VD1.1;217 D1;74;;
217 VD1.2;217 D2;739;;
217 VD2.1;217 D3;738;;
217 VD2.2;217 D4;737;;
251 D1;251 D1;699;;
251 D10;251 D10;704;;
251 D11;251 D11;693;;
251 D12;251 D12;724;;
251 D13;251 D13;706;;
251 D14;251 D14;694;;
251 D2;251 D2;727;;
251 D3;251 D3;73;;
251 D4;251 D4;705;;
251 D5;251 D5;722;;
251 D6;251 D6;711;;
251 D7;251 D7;728;;
251 D8;251 D8;709;;
251 D9;251 D9;702;;
252 D1;252 D1;701;;
252 D10;252 D10;703;;
252 D11;252 D11;717;;
252 D12;252 D12;724;;
252 D13;252 D13;732;;
252 D2;252 D2;718;;
252 D3;252 D3;708;;
252 D4;252 D4;691;;
252 D5;252 D5;726;;
252 D6;252 D6;70;;
252 D7;252 D7;714;;
252 D8;252 D8;712;;
252 D9;252 D9;697;;
253 D1;253 D1;700;;
253 D2;253 D2;71;;
253 D3;253 D3;715;;
253 D4;253 D4;7;;
254 D1;254 D1;695;;
254 D2;254 D2;721;;
253 D3;253 D3;72;;
254 D4;254 D4;720;;
254 D5;254 D5;733;;
254 D6;254 D6;725;;
254 D7;254 D7;719;;
254 D8;254 D8;729;;
254 D9;254 D9;716;;
255 D1;255 D1;707;;
255 D10;255 D10;684;;
255 D11;255 D11;683;;
255 D12;255 D12;682;;
255 D2;255 D2;723;;
255 D3;255 D3;715;;
255 D4;255 D4;720;;
255 D5;255 D5;689;;
255 D6;255 D6;688;;
255 D7;255 D7;687;;
255 D8;255 D8;686;;
255 D9;255 D9;685;;
256 D1;256 D1;681;;
256 D10;256 D10;673;;
256 D2;256 D2;680;;
256 D3;256 D3;68;;
256 D4;256 D4;679;;
256 D5;256 D5;678;;
256 D6;256 D6;677;;
256 D7;256 D7;676;;
256 D8;256 D8;675;;
256 D9;256 D9;674;;
257 VD1.1;257 D1;672;;
257 VD2.1;257 D2;671;;
257 VD2.2;257 D3;670;;
257 VD3.1;257 D4;67;;
257 VD3.2;257 D5;669;;
257 VD4.1;257 D6;668;;
257 VD4.2;257 D7;667;;
257 VD5.1;257 D8;666;;
257 VD6.1;257 D9;665;;
258 VD1.1;258 D1;664;;
258 VD2.1;258 D2;663;;
258 VD2.2;258 D3;662;;
258 VD3.1;258 D4;661;;
258 VD3.2;258 D5;660;;
258 VD4.1;258 D6;66;;
258 VD4.2;258 D7;659;;
259 VD1.1;259 D1;657;;
259 VD1.2;259 D2;656;;
259 VD2.1;259 D3;655;;
259 VD3.1;259 D4;654;;
259 VD4.1;259 D5;653;;
259 VD5.1;259 D6;652;;
259 VD52.;259 D7;651;;
259 VD6.1;259 D8;650;;
259 VD7.1;259 D9;65;;
259 VD8.1;259 D10;649;;
260 D1;260 D1;1379;;
260 D10;260 D10;1386;;
260 D2;260 D2;1380;;
260 D3;260 D3;1381;;
260 D4;260 D4;1382;;
260 D5;260 D5;1383;;
260 D6;260 D6;1973;;
260 D7;260 D7;1990;;
260 D8;260 D8;1384;;
260 D9;260 D9;1385;;
301 VD1.1;301 D1;647;;
301 VD1.2;301 D2;646;;
301 VD2.1;301 D3;645;;
301 VD2.2;301 D4;644;;
301 VD2.3;301 D5;643;;
301 VD3.1;301 D6;642;;
301 VD3.2;301 D7;641;;
301 VD4.1;301 D8;640;;
301 VD5.1;301 D9;64;;
302 VD1.1;302 D1;637;;
302 VD1.2;302 D2;636;;
302 VD2.1;302 D3;635;;
302 VD3.1;302 D4;634;;
302 VD4.1;302 D5;633;;
302 VD4.2;302 D6;632;;
302 VD4.3;302 D7;632;;
302 VD5.1;302 D8;631;;
302 VD5.2;302 D9;63;;
302 VD6.1;302 D10;629;;
302 VD6.2;302 D11;628;;
302 VD6.3;302 D12;627;;
302 VD7.1;302 D13;626;;
302 VD7.2;302 D14;625;;
302 VD7.3;302 D15;624;;
302 VD8.1;302 D16;1607;;
303 VD1.1;302 D1;62;;
303 VD1.2;303 D2;619;;
303 VD2.1;303 D3;618;;
303 VD2.2;303 D4;617;;
304 VD1.1;304 D1;615;;
304 VD1.2;304 D2;614;;
304 VD2.1;304 D3;613;;
304 VD2.2;304 D4;612;;
304 VD3.1;304 D5;611;;
306 VD1.1;306 D1;587;;
306 VD2.1;306 D2;586;;
306 VD2.2;306 D3;585;;
306 VD3.1;306 D4;584;;
306 VD3.2;306 D5;583;;
306 VD4.1;306 D6;582;;
306 VD5.1;306 D7;581;;
306 VD6.1;306 D8;580;;
306 VD6.2;306 D9;58;;
306 VD7.1;306 D10;579;;
306 VD7.2;306 D11;578;;
308 VD1.1;308 D1;576;;
308 VD1.2;308 D2;575;;
308 VD2.1;308 D3;574;;
308 VD2.2;308 D4;573;;
309 VD1.1;309 D1;571;;
309 VD1.2;309 D2;570;;
309 VD2.1;309 D3;57;;
309 VD2.2;309 D4;569;;
310 VD1.1;310 D1;567;;
310 VD1.2;310 D2;566;;
310 VD2.1;310 D3;565;;
310 VD2.2;310 D4;564;;
311 VD1.1;311 D1;562;;
311 VD1.2;311 D2;561;;
311 VD1.3;311 D3;560;;
311 VD2.1;311 D4;56;;
311 VD2.2;311 D5;559;;
311 VD3.1;311 D6;558;;
311 VD3.2;311 D7;557;;
311 VD4.1;311 D8;556;;
311 VD5.1;311 D9;565;;
311 VD5.2;311 D10;564;;
311 VD5.3;311 D11;563;;
311 VD6.1;311 D12;562;;
311 VD6.2;311 D13;561;;
311 VD6.3;311 D14;560;;
311 VD7.1;311 D15;55;;
311 VD8.1;311 D16;549;;
311 VD8.2;311 D17;548;;
312 D1;312 D12;1644;;
312 D2;312 D13;162;;
312 VD1.1;312 D1;1622;;
312 VD1.2;312 D2;1619;;
312 VD2.1;312 D3;1645;;
312 VD2.2;312 D4;163;;
312 VD3.1;312 D5;1620;;
312 VD3.2;312 D6;1646;;
312 VD4.1;312 D7;1621;;
312 VD4.2;312 D8;1480;;
312 VD4.3;312 D9;1185;;
312 VD5.1;312 D10;1632;;
312 VD5.2;312 D11;164;;
313 VD1.1;313 D1;535;;
313 VD1.2;313 D2;534;;
313 VD2.1;313 D3;533;;
313 VD2.2;313 D4;534;;
314 VD1.1;314 D1;530;;
314 VD1.2;314 D2;53;;
314 VD2.1;314 D3;529;;
314 VD2.2;314 D4;528;;
314 VD3.1;314 D5;527;;
314 VD4.1;314 D6;526;;
314 VD5.1;314 D7;525;;
315 VD1.1;315 D1;523;;
315 VD1.2;315 D2;522;;
315 VD2.1;315 D3;521;;
315 VD3.1;315 D4;520;;
315 VD3.2;315 D5;52;;
315 VD4.1;315 D6;519;;
315 VD4.2;315 D7;518;;
315 VD5.1;315 D8;517;;
315 VD5.2;315 D9;516;;
315 VD6.1;315 D10;515;;
315 VD6.2;315 D11;514;;
317 VD1.1;317 D1;505;;
317 VD1.2;317 D2;502;;
317 VD2.1;317 D3;503;;
317 VD2.2;317 D4;502;;
318 VD1.1;318 D1;500;;
318 VD1.2;318 D2;50;;
318 VD2.1;318 D3;5;;
318 VD2.2;318 D4;499;;
319 D3;319 D5;493;;
319 D4;319 D6;492;;
319 VD1.1;319 D1;497;;
319 VD1.2;319 D2;496;;
319 VD2.1;319 D3;495;;
319 VD2.2;319 D4;494;;
320 VD1.1;320 D1;49;;
320 VD1.2;320 D2;489;;
320 VD2.1;320 D3;488;;
320 VD2.2;320 D4;487;;
320 VD3.1;320 D5;486;;
320 VD4.1;320 D6;485;;
321 VD1.1;321 D1;483;;
321 VD1.2;321 D2;482;;
321 VD2.1;321 D3;481;;
321 VD2.2;321 D4;480;;
351 D1;351 D1;1200;;
351 D2;351 D2;1205;;
351 D3;351 D3;1198;;
351 D4;351 D4;1202;;
351 D5;351 D5;1201;;
351 D6;351 D6;1197;;
351 D7;351 D7;1204;;
351 VD1.1;351 D8;1199;;
351 VD1.2;351 D9;1203;;
352 VD1.1;351 D1;470;;
352 VD1.2;3521 D2;47;;
352 VD1.3;352 D3;469;;
352 VD2.1;352 D4;468;;
352 VD3.1;352 D5;467;;
352 VD3.2;352 D6;466;;
352 VD3.3;352 D7;465;;
352 VD4.1;352 D8;464;;
352 VD4.2;352 D9;463;;
353 VD1.1;353 D1;460;;
353 VD1.2;353 D2;46;;
353 VD2.1;353 D3;459;;
353 VD3.1;353 D4;458;;
353 VD3.2;353 D5;457;;
353 VD3.3;353 D6;456;;
353 VD4.1;353 D7;455;;
353 VD4.2;353 D8;454;;
353 VD5.1 (2K);353 D9;453;;
353 VD5.2;353 D10;452;;
353 VD6.1;353 D11;451;;
353 VD6.2;353 D12;450;;
354 VD1.1;354 D1;45;;
354 VD1.2;354 D2;721;;
354 VD2.1 (554 VD2.1);554 D3;356;;
354 VD2.2;354 D4;447;;
355 VD1.1;355 D1;1958;;
355 VD1.2;355 D2;1960;;
355 VD2.1;355 D3;1962;;
355 VD2.2;355 D4;1961;;
356 VD1.1;356 D1;1256;;
356 VD1.2;356 D2;1257;;
356 VD2.1;356 D3;1258;;
356 VD2.2;356 D4;1259;;
357 vd1.1;357 d1;445;;
357 VD1.2;357 D2;444;;
357 VD1.3;357 D3;443;;
357 VD2.1;357 D4;442;;
357 VD3.1;357 D5;441;;
357 VD4.1;357 D6;440;;
357 VD4.2;357 D7;44;;
357 VD4.3;357 D8;439;;
357 VD5.1;357 D9;438;;
358 D1;358 D1;268;;
358 D10;358 D10;412;;
358 D11;358 D11;413;;
358 D2;358 D2;269;;
358 D3;358 D3;27;;
358 D4;358 D4;270;;
358 D5;358 D5;271;;
358 D6;358 D6;272;;
358 D7;358 D7;273;;
358 D8;358 D8;274;;
358 D9;358 D9;411;;
401 VD1.1;401 D1;43;;
401 VD1.2;401 D2;430;;
401 VD2.1;401 D3;431;;
401 VD3.1;401 D4;432;;
401 VD4.1;401 D5;433;;
401 VD4.2;401 D6;434;;
402 VD1.1;402 D1;490;;
402 VD1.2;402 D2;506;;
402 VD2.1;402 D3;507;;
402 VD2.2;402 D4;508;;
402 VD2.3;402 D5;509;;
402 VD3.1;402 D6;51;;
402 VD3.2;402 D7;510;;
402 VD4.1;402 D8;601;;
403 VD1.1;403 D1;405;;
403 VD1.2;403 D2;406;;
403 VD1.3;403 D3;407;;
403 VD2.1;403 D4;408;;
403 VD3.1;403 D5;409;;
403 VD3.2;403 D6;41;;
403 VD4.1;403 D7;410;;
403 VD4.2;403 D8;421;;
403 VD5.1;403 D9;422;;
403 VD5.2;403 D10;423;;
403 VD5.3;403 D11;424;;
403 VD6.1;403 D12;425;;
404 D1 (VD1.1);404 D1;1943;;
404 D2;404 D20;1375;;
404 VD1.1;404 D1;1943;;
404 VD1.2;404 D2;42;;
404 VD1.3;404 D3;1964;;
404 VD2.1;404 D4;1965;;
404 VD2.2;404 D5;1966;;
404 VD3.1;404 D6;1967;;
404 VD3.2;404 D7;1968;;
404 VD3.3;404 D8;1969;;
405 D11;405 D11;1545;;
405 D12;405 D12;1546;;
405 D13;405 D13;1547;;
405 D14;405 D14;1548;;
405 D15;405 D15;1549;;
405 D3;405 D3;1537;;
406 VD1.1;406 D1;1554;;
406 VD1.2;406 D2;1555;;
406 VD2.1;406 D3;1556;;
406 VD2.2;406 D4;1557;;
407 VD1.1;407 D1;1560;;
407 VD1.2;407 D2;1561;;
407 VD1.3;407 D3;1561;;
407 VD2.1;407 D4;1562;;
407 VD2.2;407 D4;1563;;
408 VD1.1;408 D1;1567;;
408 VD1.2;408 D2;1568;;
408 VD1.3;408 D3;1569;;
408 VD2.1;408 D4;1570;;
408 VD2.2;408 D5;1571;;
408 VD3.1;408 D6;1572;;
408 VD3.2;408 D7;1573;;
408 VD4.1;408 D8;1574;;
408 VD4.2;408 D9;1575;;
408 VD5.1;408 D10;1576;;
408 VD5.2;408 D11;1577;;
408 VD5.3;408 D12;1578;;
408 VD6.1;408 D13;1579;;
408 VD7.1;408 D14;1580;;
408 VD7.2;408 D15;1581;;
408 VD8.1;408 D16;1582;;
409 D1;409 D9;1595;;
409 D2;409 D10;1596;;
409 D3;409 D11;1597;;
409 VD1.1;409 D1;1587;;
409 VD1.2;409 D2;1588;;
409 VD2.1;409 D3;1589;;
409 VD2.2;409 D4;1590;;
409 VD2.3;409 D5;1591;;
409 VD3.1;409 D6;1592;;
409 VD3.2;409 D7;1593;;
409 VD3.3;409 D8;1594;;
410 VD1.1;409 D1;1601;;
410 VD1.2;410 D2;1602;;
410 VD1.3;410 D3;1603;;
410 VD2.1;410 D4;1604;;
410 VD2.2;410 D5;1605;;
411 VD1.1;411 D1;1244;;
411 VD1.2;411 D2;1260;;
411 VD1.3;411 D3;1272;;
411 VD2.1;411 D4;1273;;
411 VD3.1;411 D5;1278;;
411 VD3.2;411 D6;1309;;
411 VD4.1;411 D7;1336;;
411 VD4.2;411 D8;1337;;
411 VD5.1;411 D9;1346;;
411 VD5.2;411 D10;1347;;
411 VD6.1;411 D11;1411;;
411 VD6.2;411 D12;1412;;
411 VD6.3;411 D13;1413;;
412 VD1.1;412 D1;1623;;
412 VD1.2;412 D2;1624;;
412 VD1.3;412 D3;1625;;
412 VD10.1;412 D18;1640;;
412 VD10.2;412 D19;1641;;
412 VD11.1;412 D20;1642;;
412 VD11.2;412 D21;1643;;
412 VD2.1;412 D4;1626;;
412 VD3.1;412 D5;1627;;
412 VD3.2;412 D6;1628;;
412 VD3.3;412 D7;1629;;
412 VD4.1;412 D8;1630;;
412 VD5.1;412 D9;1631;;
412 VD5.2;412 D10;1632;;
412 VD6.1;412 D11;1633;;
412 VD6.2;412 D12;1634;;
412 VD7.1;412 D13;1635;;
412 VD8.1;412 D14;1636;;
412 VD8.2;412 D15;1637;;
412 VD9.1;412 D16;1638;;
412 VD9.2;412 D17;1639;;
413 VD1.1;413 D1;1648;;
413 VD1.2;413 D2;1649;;
413 VD1.3;413 D3;1650;;
413 VD2.1;413 D4;1651;;
413 VD2.2;413 D5;1652;;
413 VD2.3;413 D6;1653;;
414 VD1.1;414 D1;1656;;
414 VD1.2;414 D2;1657;;
414 VD2.1;414 D3;1658;;
414 VD3.1;414 D4;1659;;
414 VD3.2;414 D5;1660;;
414 VD3.3;414 D6;1661;;
451 D1;451D1;1664;;
451 D10;451D10;1673;;
451 D11;451D11;1674;;
451 D2;451D2;1665;;
451 D3;451D3;1666;;
451 D4;451D4;1667;;
451 D5;501D5;1013;;
451 D6;451D6;1669;;
451 D7;451D7;1670;;
451 D8;451D8;1671;;
451 D9;451D9;1672;;
501 VD6.1;501D7;1052;;
501 VD1.1;501D1;101;;
501 VD1.2;501D2;1010;;
501 VD2.1;501D3;1011;;
501 VD3.1;501D4;1012;;
501 VD4.1;501D5;1013;;
501 VD5.1;501D6;1014;;
501 VD6.1;501D7;1052;;
502 VD1.1;502D3;1057;;
502 VD1.2;502D2;1010;;
502 VD2.1;502D2;106;;
502 VD3.1;502D5;1061;;
502 VD4.1;502D4;1064;;
502 VD4.2;502D1;1067;;
502 VD5.1;502D9;1068;;
502 VD5.1;502D6;1069;;
502 VD6.1;502D8;107;;
502 VD7.1;502D7;1070;;
503 VD1.1;503D1;1073;;
503 VD1.2;503D2;1074;;
503 VD2.1;503D3;1075;;
503 VD3.1;503D4;1076;;
503 VD3.2;503D5;1077;;
503 VD4.1;503D6;1078;;
503 VD5.1;503D7;1085;;
503 VD6.1;503D8;1086;;
503 VD6.2;503D9;1087;;
503 VD7.1;503D10;1088;;
504 VD1.1;504D1;1089;;
504 VD1.2;504D2;109;;
504 VD2.1;504D3;1090;;
504 VD2.2;504D4;1091;;
504 VD3.1;504D5;1092;;
504 VD3.2;504D6;1093;;
504 VD4.1;504D7;1102;;
504 VD5.1;504D8;1103;;
504 VD5.2;504D9;1104;;
505 VD1.1;505D1;101;;
505 VD1.1;505D1;101;;
505 VD1.2;505D2;1109;;
505 VD1.3;505D3;111;;
505 VD2.1;505D4;1110;;
505 VD2.2;505D5;1111;;
505 VD3.1;505D6;1112;;
506 D1;506D8;1113;;
506 D2;506D9;1114;;
506 VD1.1;506D6;1132;;
506 VD2.1;506D2;1119;;
506 VD2.2;506D3;112;;
506 VD3.1;506D5;1131;;
506 VD3.2;506D6;1132;;
506 VD4.1;506D7;1133;;
507 VD1.1;507D1;1134;;
507 VD1.2;507D2;1135;;
507 VD2.1;507D3;1136;;
507 VD3.1;507D4;1137;;
507 VD4.1;507D5;1138;;
507 VD5.1;507D6;1139;;
507 VD6.1;507D7;114;;
507 VD6.2;507D8;1140;;
508 D1;508D9;1149;;
508 VD1.1;508D1;1141;;
508 VD2.1;508D2;1142;;
508 VD2.2;508D3;1143;;
508 VD3.1;508D4;1144;;
508 VD4.1;508D5;1145;;
508 VD5.1;508D6;1146;;
508 VD5.2;508D7;1147;;
508 VD6.1;508D8;1140;;
509 VD1.1;509D1;120;;
509 VD2.1;509D2;121;;
509 VD2.2;509D3;122;;
509 VD3.1;509D4;123;;
509 VD3.2;509D5;124;;
509 VD4.1;509D6;125;;
509 VD4.2;509D7;126;;
510 VD1.1;510D1;127;;
510 VD1.2;510D2;140;;
510 VD2.1;510D3;141;;
510 VD3.1;510D4;142;;
510 VD4.1;510D5;143;;
510 VD5.1;510D6;144;;
511 VD1.1;511D1;145;;
511 VD2.1;511D2;146;;
511 VD2.2;511D3;147;;
511 VD2.3;511D4;148;;
511 VD3.1;511D5;149;;
511 VD4.1;511D6;115;;
512 VD1.1;512D1;15;;
512 VD1.2;512D1;151;;
512 VD1.3;512D3;153;;
512 VD2.1;512D4;155;;
513 VD3.1;513D5;159;;
513 VD10.1;513D1;16;;
513 VD6.1;513D7;160;;
513 VD7.1;513D8;161;;
513 VD2.1;513D2;183;;
513 VD2.2;513D3;1182;;
513 VD3.1;513D4;159;;
513 VD4.1;513D5;1608;;
513 VD5.1;513D6;1609;;
513 VD6.1;513D7;160;;
513 VD7.1;513D8;161;;
513 VD8.1;513D10;1611;;
513 VD9.1;513D11;1612;;
515 VD1.1;515D1;177;;
515 VD2.1;515D2;178;;
515 VD2.2;515D3;179;;
515 VD3.2;515D4;18;;
515 VD4.2;515D5;180;;
515 VD5.1;515D6;181;;
515 VD5.2;515D7;192;;
516 VD1.1;516D1;195;;
516 VD1.2;516D2;196;;
516 VD1.3;516D3;197;;
516 VD2.1;516D4;198;;
516 VD3.1;516D5;199;;
516 VD5.1;516D7;20;;
517 VD1.1;517D1;202;;
517 VD1.2;517D2;203;;
517 VD1.3;517D3;218;;
517 VD2.1;517D4;219;;
517 VD3.1;517D5;22;;
517 VD4.1;517D6;220;;
517 VD5.1;517D7;221;;
517 VD6.1;517D8;222;;
517 VD7.1;517D9;223;;
517 VD8.1;517D10;224;;
517 VD8.2;517D11;225;;
518 D1;517 D1;226;;
518 D2;518 D2;227;;
518 VD1.1;518 D3;229;;
518 VD2.1;518 D4;23;;
518 VD3.1;518 D5;230;;
518 VD4.1;518 D6;231;;
519 VD1.1;519 D1;233;;
519 VD2.1;519 D2;234;;
519 VD3.1;519 D3;235;;
519 VD3.2;519 D4;236;;
519 VD4.1;519 D5;237;;
519 VD5.1;519 D6;238;;
519 VD6.1;519 D7;232;;
520 D1;520 D6;253;;
520 D2;520 D7;254;;
520 VD1.1;520 D1;239;;
520 VD1.2;520 D2;24;;
520 VD2.1;520 D3;250;;
520 VD3.1;520 D4;251;;
520 VD3.2;520 D5;252;;
521 VD1.1;521 D1;257;;
521 VD2.1;521 D2;256;;
522 VD1.1;522 D1;29;;
522 VD1.2;522 D2;288;;
522 VD1.3;522 D3;287;;
522 VD2.1;522 D4;289;;
522 VD3.1;522 D6;291;;
522 VD3.2;522 D7;258;;
522 VD4.1;522 D8;290;;
522 VD4.2;522 D9;259;;
523 VD1.1;523 D1;292;;
523 VD2.1;523 D2;304;;
523 VD2.2;523 D3;305;;
523 VD3.1;523 D4;307;;
523 VD3.2;523 D5;294;;
523 VD4.1;523 D6;306;;
523 VD5.1;523 D7;293;;
524 D1;524 D6;310;;
524 VD1.1;524 D1;312;;
524 VD1.2;524 D2;308;;
524 VD2.1;524 D3;314;;
524 VD2.2;524 D4;313;;
524 VD3.1;524 D5;309;;
525 VD1.1;525 D1;1585;;
525 VD1.2;525 D2;1606;;
525 VD2.1;525 D3;1600;;
525 VD3.1;525 D4;1599;;
525 VD4.1;525 D5;1598;;
525 VD4.2;525 D6;1592;;
525 VD5.1;525 D7;1586;;
551 VD1.1;551 D1;339;;
551 VD2.1;551 D2;338;;
551 VD3.1;551 D3;340;;
551 VD3.2;551 D4;34;;
551 VD4.1;551 D5;341;;
552 VD1.1;502 D3;1057;;
552 VD2.1;552 D2;345;;
552 VD3.1;552 D3;343;;
552 VD4.1;552 D4;346;;
552 VD5.1;552 D5;342;;
553 VD1.1;553 D1;347;;
553 VD2.1;553 D2;348;;
553 VD3.1;553 D3;35;;
553 VD4.1;553 D4;349;;
554 VD1.1;554 D1;353;;
554 VD1.2;554 D2;358;;
554 VD2.1;554 D3;356;;
554 VD2.2;554 D4;352;;
554 VD3.1;554 D5;351;;
554 VD3.2;554 D6;357;;
554 VD4.1;554 D7;355;;
554 VD5.1;554 D8;350;;
554 VD5.2;554 D9;354;;
555 VD1.1;555 D1;361;;
555 VD1.2;555 D2;38;;
555 VD2.1;555 D3;382;;
555 VD2.2;555 D4;359;;
555 VD2.3;555 D5;360;;
555 VD3.1;555 D6;364;;
555 VD3.2;555 D7;380;;
555 VD4.1;555 D8;378;;
555 VD4.2;555 D9;363;;
555 VD5.1;555 D10;36;;
555 VD6.1;555 D11;381;;
555 VD6.2;555 D12;379;;
555 VD7.1;555 D13;362;;
556 VD1.1;556 D1;59;;
556 VD2.1;556 D2;590;;
556 VD3.1;556 D3;591;;
556 VD4.1;556 D4;592;;
601 D1;601 D1;1822;;
601 D10;601 D10;1815;;
601 D11;601 D11;1810;;
601 D12;601 D12;1826;;
601 D13;601 D13;1808;;
601 D14;601 D14;1819;;
601 D15;601 D15;1814;;
601 D16;601 D16;1813;;
601 D17;601 D17;1825;;
601 D18;601 D18;1823;;
601 D19;601 D19;1809;;
601 D2;601 D2;1812;;
601 D20;601 D20;1811;;
601 D21;601 D21;1820;;
601 D3;601 D3;1821;;
601 D4;601 D4;1828;;
601 D5;601 D5;1816;;
601 D6;601 D6;1817;;
601 D7;601 D7;1818;;
601 D8;601 D8;1827;;
601 D9;601 D9;1824;;
602 VD1.1;602 D1;1801;;
602 VD1.2;602 D2;1804;;
602 VD2.1;602 D3;1805;;
602 VD2.2;602 D4;1807;;
602 VD3.1;602 D5;1802;;
603 VD1.1;603 D1;1261;;
603 VD1.2;603 D2;1262;;
603 VD2.1;603 D3;1263;;
603 VD2.2;603 D4;1264;;
603 VD3.1;603 D5;1265;;
603 VD3.2;603 D6;1266;;
603 VD4.1;603 D7;1267;;
603 VD4.2;603 D8;1268;;
603 VD5.1;603 D9;1269;;
603 VD5.2;603 D10;1270;;
605 VD1.1;605 D1;1274;;
605 VD1.2;605 D2;1275;;
605 VD2.1;605 D3;1276;;
606 VD1.1;606 D1;1325;;
606 VD1.2;606 D2;1326;;
606 VD2.1;606 D3;1327;;
606 VD3.1;606 D4;1328;;
606 VD4.1;606 D5;1329;;
606 VD5.1;606 D6;1330;;
606 VD6.1;606 D7;1331;;
606 VD6.2;606 D8;1332;;
606 VD7.1;606 D9;1333;;
606 VD8.1;606 D10;1334;;
606 VD9.1;606 D11;1335;;
607 VD1.1;607 D1;1794;;
607 VD2.1;607 D2;1796;;
607 VD3.1;607 D3;1793;;
607 VD5.1;607 D4;1792;;
607 VD5.1;607 D5;1792;;
607 VD6.1;607 D6;1798;;
607 VD7.1;607 D7;1795;;
608 VD 1.1;608 D1;77;;
608 D2;608 D2;770;;
608 D3;608 D3;89;;
608 D4;608 D4;894;;
608 D5;608 D5;895;;
608 D6;608 D6;896;;
608 D7;608 D7;927;;
609 VD1.1;609 D1;761;;
609 VD2.1;609 D2;762;;
609 VD2.2;609 D3;763;;
609 VD3.1;609 D4;764;;
609 VD3.2;609 D5;765;;
609 VD4.1;609 D6;766;;
609 VD5.1;609 D7;1232;;
609 VD5.2;609 D8;1220;;
609 VD6.1;609 D9;1233;;
610 VD1.1;610 D1;1196;;
610 VD1.2;610 D2;1195;;
610 VD2.1;610 D3;1194;;
610 VD3.1;610 D4;1193;;
610 VD3.2;610 D5;1192;;
610 VD4.1;610 D6;766;;
701 D1;701 D1;1791;;
701 D2;701 D2;1787;;
701 D3;701 D3;1789;;
701 D4;701 D4;1790;;
701 D5;701 D5;1788;;
701 D6;701 D6;1785;;
701 D7;701 D7;1786;;
702 D1;702 D1;118;;
702 D2;702 D2;1187;;
702 D3;702 D3;1188;;
702 D4;702 D4;1189;;
702 D5;702 D5;119;;
721 VD1.1;721 D1;1279;;
721 VD2.1;721 D2;1280;;
721 VD3.1;721 D2;1281;;
721 VD4.1;721 D4;1282;;
721 VD5.1;721 D5;1283;;
721 VD6.2;721 D6;1284;;
721 VD7.1;721 D7;1285;;
721 VD7.1;721 D8;1286;;
741 D1;741 D1;1777;;
741 D10;741 D10;1769;;
741 D11;741 D11;1763;;
741 D12;741 D12;1764;;
741 D13;741 D13;1774;;
741 D14;741 D14;1775;;
741 D15;741 D15;1776;;
741 D16;741 D16;1765;;
741 D17;741 D17;1760;;
741 D18;741 D18;1768;;
741 D2;741 D2;1761;;
741 D3;741 D3;1767;;
741 D4;741 D4;1766;;
741 D5;741 D5;1771;;
741 D6;741 D6;1773;;
741 D7;741 D7;1762;;
741 D8;741 D8;1770;;
741 D9;741 D9;1772;;
742 VD1.1;742 D7;1207;;
742 VD1.2;742 D12;1208;;
742 VD1.3;742 D3;1209;;
742 VD2.1;742 D1;1210;;
742 VD3.1;742 D6;1211;;
742 VD3.2;742 D5;1212;;
742 VD3.3;742 D10;1213;;
742 VD4.1;742 D9;1214;;
742 VD4.2;742 D4;1215;;
742 VD5.1;742 D29;1216;;
742 VD5.2;742 D8;1217;;
742 VD6.1;742 D11;1218;;
744 VD1.1;744 D1;1750;;
744 VD1.2;744 D2;1751;;
744 VD2.1;744 D3;1752;;
744 VD2.2;744 D4;1753;;
744 VD2.3;744 D5;1754;;
744 VD3.1;744 D6;1755;;
744 VD4.1;744 D7;1756;;
744 VD4.2;744 D8;1757;;
761 D1;761 D1;1729;;
761 D10;761 D11;1739;;
761 D11;761 D13;1741;;
766 D12;766 D14;1701;;
761 D13;761 D15;1743;;
761 D14;761 D16;1744;;
761 D15;761 D18;1746;;
761 D16;761 D19;1747;;
761 D17;761 D20;1748;;
761 D18;761 D21;1749;;
761 D2;761 D2;1730;;
761 D3;761 D3;1731;;
761 D4;761 D4;1732;;
761 D5;761 D5;1733;;
761 D6;761 D6;1734;;
761 D7;761 D8;1736;;
761 D8;761 D9;1738;;
761 D9;761 D10;1738;;
762 D1;762 D1;1717;;
762 D10;762 D10;1321;;
762 D11;762 D11;1727;;
762 D12;762 D12;1728;;
762 D2;762 D2;1718;;
762 D3;762 D3;1719;;
762 D4;762 D4;1720;;
762 D5;762 D5;1721;;
762 D6;762 D6;1722;;
762 D7;762 D7;1723;;
762 D8;762 D8;1736;;
762 D9;762 D9;1725;;
763 VD1.1;763 D1;1312;;
763 VD1.2;763 D2;1313;;
763 VD2.1;763 D3;1314;;
763 VD2.2;763 D4;1315;;
763 VD3.1;763 D5;1316;;
763 VD3.2;763 D6;1317;;
763 VD4.1;763 D7;1318;;
763 VD4.2;763 D8;1319;;
763 VD4.3;763 D9;1320;;
763 VD5.1;763 D10;1321;;
763 VD5.2;763 D11;1322;;
763 VD6.1;763 D12;1323;;
763 VD6.2;763 D13;1324;;
764 D1;764 D1;1704;;
764 D10;764 D10;1713;;
764 D2;764 D2;1705;;
764 D3;764 D3;1706;;
764 D4;764 D4;1707;;
764 D5;764 D5;1708;;
764 D6;764 D6;1709;;
764 D7;764 D7;1710;;
764 D8;764 D8;1711;;
764 D9;764 D9;1712;;
765 VD1.1;765 D1;1287;;
765 VD1.2;765 D2;1288;;
765 VD2.1;765 D3;1289;;
765 VD2.2;765 D4;1290;;
765 VD3.1;765 D5;1291;;
765 VD4.1;765 D6;1292;;
765 VD5.1;765 D7;1293;;
765 VD5.2;765 D8;1294;;
765 VD6.1;765 D9;1295;;
765 VD6.2;765 D10;1296;;
765 VD7.1;765 D11;1297;;
765 VD8.1;765 D12;1298;;
765 VD8.2;765 D13;1299;;
766 VD1.1;766 D1;1688;;
766 VD1.2;766 D2;1689;;
766 VD2.1;766 D3;1690;;
766 VD2.2;766 D4;1691;;
766 VD3.1;766 D5;1692;;
766 VD3.2;766 D6;1693;;
766 VD4.1;766 D7;1694;;
766 VD4.2;766 D8;1695;;
766 VD5.1;766 D9;1696;;
766 VD5.2;766 D10;1697;;
766 VD6.1;766 D11;1698;;
766 VD6.2;766 D12;1699;;
766 VD7.1;766 D13;1700;;
766 VD7.2;766 D14;1701;;
766 VD8.1;766 D15;1702;;
766 VD8.2;766 D16;1703;;
768 VD1.1;768 D1;1677;;
768 VD1.2;768 D2;1678;;
768 VD1.3;768 D3;1679;;
768 VD2.1;768 D4;1680;;
768 VD2.2;768 D5;1681;;
768 VD3.1;768 D6;1682;;
768 VD3.2;768 D7;1683;;
768 VD4.1;768 D8;1684;;
768 VD4.2;768 D9;1685;;
768 VD5.1;768 D10;1686;;
768 VD5.2;768 D11;1687;;
781 D1;781 D1;1300;;
781 D2;781 D2;1301;;
781 D3;781 D3;1302;;
781 D4;781 D4;1303;;
781 D5;781 D5;1304;;
781 D6;781 D6;1305;;
781 D7;781 D7;1306;;
781 D8;781 D8;1307;;
781 D9;781 D9;1308;;
782 VD1.1;782 D1;1992;;
782 VD1.2;782 D2;1993;;
782 VD1.3;782 D3;1994;;
782 VD2.1;782 D4;1995;;
782 VD2.2;782 D5;1996;;
782 VD2.3;782 D6;1997;;
782 VD2.4;782 D7;1998;;
782 VD3.1;782 D8;1999;;
782 VD3.2;782 D9;275;;
782 VD3.2;782 D10;276;;
782 VD3.3;782 D11;277;;
782 VD4.1;782 D11;278;;
782 VD4.2;782 D12;279;;
782 VD4.3;782 D13;280;;
782 VD4.4;782 D14;28;;
783 VD1.1;782 D1;1983;;
783 VD1.2;783 D2;1979;;
783 VD2.1;783 D3;1982;;
783 VD2.2;783 D4;1981;;
783 VD2.3;783 D5;1980;;
783 VD3.1;783 D6;1978;;
783 VD4.1;783 D7;1984;;
783 VD4.2;783 D8;1985;;
784 D1;784 D1;1517;;
784 D10;784 D10;1526;;
784 D11;784 D11;1527;;
784 D12;784 D12;1528;;
784 D13;784 D13;1529;;
784 D14;784 D14;1530;;
784 D15;784 D15;1531;;
784 D16;784 D16;1532;;
784 D17;784 D17;1516;;
784 D2;784 D2;1518;;
784 D3;784 D3;1519;;
784 D4;784 D4;1520;;
784 D5;784 D5;1521;;
784 D6;784 D6;1522;;
784 D7;784 D7;1523;;
784 D8;784 D8;1524;;
784 D9;784 D9;1525;;
785 VD1.1;785 D1;1507;;
785 VD1.2;785 D2;1508;;
785 VD1.3;785 D3;1509;;
785 VD2.1;785 D4;1510;;
785 VD2.2;785 D5;1511;;
785 VD3.1;785 D6;1512;;
785 VD3.2;785 D7;1513;;
785 VD3.3;785 D8;1514;;
785 VD4.1;785 D9;1515;;
785 VD4.2;785 D10;1506;;
801 VD1.1;801 D1;1494;;
801 VD1.2;801 D2;1495;;
801 VD2.1;801 D3;1496;;
801 VD2.2;801 D4;1497;;
801 VD3.1;801 D5;1498;;
801 VD3.2;801 D6;1499;;
801 VD4.1;801 D7;1500;;
801 VD4.2;801 D8;1501;;
801 VD5.1;801 D9;1502;;
801 VD5.2;801 D10;1503;;
801 VD6.1;801 D11;1504;;
803 VD1.1;803 D1;1491;;
803 VD1.2;803 D2;1492;;
803 VD2.1;803 D3;1474;;
803 VD3.1;803 D4;1475;;
803 VD3.2;803 D5;1476;;
803 VD3.2;803 D6;1477;;
803 VD4.1;803 D7;1478;;
803 VD4.2;803 D8;1479;;
821 D1;821 D4;1390;;
821 D2;821 D5;1391;;
821 D3;821 D6;1392;;
821 D4;821 D7;1393;;
821 D5;821 D8;1394;;
821 D6;821 D9;1395;;
821 D7;821 D10;1396;;
821 D8;821 D11;1397;;
821 D9;821 D12;1398;;
821 VD1.1;821 D1;1387;;
821 VD1.2;821 D2;1388;;
821 VD1.3;821 D3;1389;;
823 VD1.1;823 D1;1481;;
823 VD1.2;823 D2;1482;;
823 VD1.3;823 D3;1483;;
823 VD2.1;823 D4;1484;;
823 VD2.2;823 D5;1485;;
823 VD2.3;823 D6;1486;;
823 VD3.1;823 D7;1487;;
823 VD3.2;823 D8;1488;;
823 VD4.1;823 D9;1489;;
823 VD4.2;823 D10;1490;;
823 VD4.3;823 D11;1473;;
824 VD1.1;824 D1;1455;;
824 VD1.2;824 D2;1456;;
824 VD1.3;824 D3;1457;;
824 VD2.1;824 D4;1458;;
824 VD2.2;824 D5;1459;;
824 VD3.1;824 D6;1460;;
824 VD3.2;824 D7;1461;;
825 VD1.1;825 D1;1454;;
825 VD1.2;825 D2;1464;;
825 VD2.1;825 D3;1465;;
825 VD2.2;825 D4;1466;;
825 VD2.3;825 D5;1467;;
825 VD3.1;825 D6;1468;;
825 VD3.2;825 D7;1469;;
825 VD4.1;825 D8;1470;;
825 VD4.2;825 D9;1471;;
825 VD4.3;825 D10;1472;;
828 VD1.1;828 D1;1444;;
828 VD1.2;828 D2;1445;;
828 VD2.1;828 D3;1446;;
828 VD2.2;828 D4;1447;;
828 VD3.1;828 D5;1448;;
828 VD3.2;825 D6;1449;;
828 VD3.3;828 D7;1450;;
828 VD4.1;828 D8;1451;;
828 VD5.1;828 D9;1452;;
828 VD5.2;828 D10;1453;;
828 VD5.3;828 D11;1441;;
829 D1;1008 D6;115;;
829 D2;1008 D4;113;;
829 D3;1008 D3;1117;;
829 D4;1008 D1;1116;;
829 D5;1008 D5;1115;;
828 D6;1008 D2;1107;;
829 D7;1008 D8;1106;;
830 D1;830 D1;1345;;
830 D2;830 D2;1353;;
830 D3;830 D3;1352;;
830 D4;830 D4;1351;;
830 D5;830 D5;1350;;
830 D6;830 D6;1349;;
830 D7;830 D7;1348;;
841 VD1.1;841 D1;1338;;
841 VD2.1;841 D2;1344;;
841 VD2.2;841 D3;1343;;
841 VD3.1;841 D4;1342;;
841 VD3.2;841 D5;1341;;
841 VD4.1;841 D6;1340;;
841 VD4.2;841 D7;1339;;
842 VD1.1;842 D1;1338;;
842 VD2.1;842 D2;1400;;
842 VD2.2;842 D3;1401;;
842 VD3.1;842 D4;1402;;
842 VD4.1;842 D5;1403;;
842 VD4.2;842 D6;1404;;
842 VD5.1;842 D7;1405;;
842 VD5.2;842 D8;1406;;
842 VD6.1;842 D9;1407;;
842 VD7.1;842 D10;1408;;
842 VD7.2;842 D11;1409;;
842 VD8.1;842 D12;1410;;
861 VD1.1;861 D1;1008;;
861 VD1.2;861 D2;1009;;
861 VD2.1;861 D3;1010;;
861 VD3.1;861 D4;1054;;
861 VD3.2;861 D5;1056;;
861 VD4.1;861 D6;1071;;
861 VD4.2;861 D7;1072;;
861 VD5.1;861 D8;1084;;
861 VD6.1;861 D9;1101;;
861 VD6.2;861 D10;1105;;
881 VD1.1;881 D6;1427;;
881 VD1.2;881 D1;1428;;
881 VD2.1;881 D2;1429;;
881 VD2.2;881 D3;1430;;
881 VD3.1;881 D4;1431;;
881 VD3.2;881 D5;1432;;
882 VD1.1;882 D5;1435;;
882 VD1.2;882 D2;1436;;
882 VD2.1;882 D4;1437;;
882 VD2.2;882 D1;1438;;
882 VD3.1;882 D3;1439;;
882 VD3.2;882 D6;1440;;
101 VD2.1;101 D4;1031;;
101 VD2.2;101 D5;1030;;
101 VD2.3;101 D6;103;;
101 VD3.1;101 D7;1032;;
101 VD1.1;101 D1;1027;;
101 VD1.2;101 D2;1028;;
101 VD1.3;101 D3;1029;;
104 VD1.2;104 D2;1095;;
104 VD1.3;104 D3;1096;;
102 D14;102 D14;1;;
102 D12;102 D2;1006;;
152 VD1.2;152 D2;1049;;
104 VD1.2;104 D2;1095;;
104 VD1.3;104 D3;1096;;
102 D15;102 D15;929;;
102 D16;102 D16;93;;
102 D15;102 D15;929;;
102 D16;102 D16;93;;
101 D2;101 D11;1036;;
101 D3;101 D12;1037;;
101 D4;101 D13;1038;;
101 D5;101 D14;1039;;
110 VD1.1;110 D1;204;;
110 VD1.2;110 D2;205;;
114 VD1.1;114 D1;319;;
103 VD1.1;103 D1;1079;;
103 VD1.2;103 D2;108;;
103 VD1.3;103 D3;1080;;
104 VD1.2;104 D2;1095;;
104 VD1.3;104 D3;1096;;
101 D1;101 D10;1035;;
113 VD3.1;113 D5;1166;;
;102 D10;1002;;
;102 D11;1003;;
;105 D8;1127;;
;105 D9;1128;;
;106 D10;1155;;
;106 D6;1156;;
;106 D7;1158;;
;106 D9;1159;;
;107 D10;136;;
;107 D11;135;;
;107 D14;137;;
;107 D9;14;;
;109 D3;184;;
;109 D4;185;;
;109 D8;189;;
;109 D9;19;;
;110 D13;215;;
;110 D15;216;;
;110 D16;217;;
;110 D6;209;;
;110 D7;21;;
;111 D3;242;;
;111 D4;243;;
;111 D8;247;;
;111 D9;248;;
;112 D3;1168;;
;112 D4;1172;;
;112 D7;1173;;
;112 D8;1175;;
;112 D9;1177;;
;113 D7;1180;;
;113 D8;1169;;
;113 D9;1170;;
;114 D13;323;;
;114 D14;33;;
;114 D6;330;;
;116 D1;388;;
;116 D12;398;;
;116 D13;265;;
;116 D14;267;;
;116 D8;390;;
;116 D9;394;;
;117 D7;399;;
;118 D10;4;;
;118 D11;1048;;
;118 D12;1050;;
;118 D5;1055;;
;121 D3;1062;;
;121 D32;1065;;
;121 D4;1066;;
;121 D6;1242;;
;121 D8;771;;
;152 D7;996;;
;152 D9;994;;
;153 D12;3;;
;153 D13;384;;
;153 D6;297;;
;153 D7;303;;
;154 D1;414;;
;154 D3;1422;;
;155 D5;1186;;
;207 D1;878;;
;211 D14;589;;
;214 D2;810;;
;214 D5;808;;
;214 D9;804;;
;215 D19;1357;;
;215 D2;1362;;
;215 D9;1354;;
;251 D12;713;;
;255 D3;690;;
;255 D4;69;;
;315 D7;518;;
;354 D2;449;;
;354 D3;448;;
;404 D10;1971;;
;404 D11;1376;;
;404 D12;1377;;
;404 D13;1378;;
;404 D14;1415;;
;404 D15;1416;;
;404 D16;1417;;
;404 D17;1418;;
;404 D18;1419;;
;404 D19;1420;;
;404 D9;1970;;
;405 D1;1535;;
;405 D2;1536;;
;405 D4;1538;;
;407 D5;1564;;
;451 D5;1668;;
;501 D8;1007;;
;502 D10;1059;;
;505 D1;1108;;
;506 D1;1118;;
;506 D4;1130;;
;508 D8;1148;;
;513 D12;1613;;
;513 D13;1614;;
;513 D14;1615;;
;516 D6;2;;
;522 D5;286;;
;552 D1;344;;
;603 D11;1271;;
;605 D4;1277;;
;607 D4;1799;;
;610 D6;1191;;
;702 D6;1190;;
;702 D7;12;;
;1005 D3;593;;
;1005 D8;594;;
;1008 D10;1206;;
;1008 D9;117;;
;1009 D1;595;;
;1009 D10;777;;
;1011 D3;1938;;
;1019 D3;282;;
;1029 D9;735;;
;1033 D1;156;;
;1033 D10;1566;;
;1033 D11;1558;;
;1033 D2;1553;;
;1033 D3;1551;;
;1033 D4;1565;;
;1033 D5;1552;;
;1033 D6;1550;;
;1033 D7;157;;
;1033 D8;1534;;
;1033 D9;1559;;
;742 D13;1618;;
;742 D2;1617;;
;761 D14;1742;;
;762 D10;1726;;
;762 D8;1724;;
;764 D11;1714;;
;801 D4;1497;;
;803 D6;1477;;
;829 D1;1953;;
;829 D2;1952;;
;829 D3;1947;;
;829 D4;1946;;
;829 D5;1951;;
;829 D6;1945;;
;829 D7;1949;;
;842 D1;1399;;
;842 D13;1493;;
;842 D14;150;;
;842 D15;1505;;
;842 D16;1533;;
