"","DataTimestampUTC","DataTimestampLOCAL","SaveTimestampLOCAL","C_bKfz_Wert","C_bKfz_Status","C_qKfz_Wert","C_qKfz_Status","C_vKfz_Wert","C_vKfz_Status","C_ConcertStatus","C_TDCDetailStatus","C_IncidentAlarms_Wert","C_IncidentAlarms_Status","C_Dependance","C_Availability"
"1",2015-03-16 22:00:01,2015-03-17 00:00:01,2015-03-17 00:09:43,0,32,0,40,15,38,1,40,0,50,-1,1
"2",2015-03-16 22:01:31,2015-03-17 00:01:31,2015-03-17 00:11:04,0,32,0,40,15,38,1,40,0,50,-1,1
"3",2015-03-16 22:03:01,2015-03-17 00:03:01,2015-03-17 00:12:38,0,32,0,40,15,38,1,40,0,50,-1,1
"4",2015-03-16 22:04:31,2015-03-17 00:04:31,2015-03-17 00:14:04,0,32,0,40,15,38,1,40,0,50,-1,1
"5",2015-03-16 22:06:01,2015-03-17 00:06:01,2015-03-17 00:15:34,0,32,0,40,15,38,1,40,0,50,-1,1
"6",2015-03-16 22:07:31,2015-03-17 00:07:31,2015-03-17 00:16:58,1,32,40,32,15,32,1,32,0,50,-1,1
"7",2015-03-16 22:09:01,2015-03-17 00:09:01,2015-03-17 00:18:34,0,32,0,40,15,38,1,40,0,50,-1,1
"8",2015-03-16 22:10:31,2015-03-17 00:10:31,2015-03-17 00:20:03,0,32,0,40,15,38,1,40,0,50,-1,1
"9",2015-03-16 22:12:01,2015-03-17 00:12:01,2015-03-17 00:21:45,0,32,0,40,15,38,1,40,0,50,-1,1
"10",2015-03-16 22:13:31,2015-03-17 00:13:31,2015-03-17 00:22:34,0,32,0,40,15,38,1,40,0,50,-1,1
"11",2015-03-16 22:15:01,2015-03-17 00:15:01,2015-03-17 00:24:45,0,32,0,40,15,38,1,40,0,50,-1,1
"12",2015-03-16 22:16:31,2015-03-17 00:16:31,2015-03-17 00:26:18,0,32,0,40,15,38,1,40,0,50,-1,1
"13",2015-03-16 22:18:01,2015-03-17 00:18:01,2015-03-17 00:27:07,0,32,0,40,15,38,1,40,0,50,-1,1
"14",2015-03-16 22:21:01,2015-03-17 00:21:01,2015-03-17 00:30:46,0,32,0,40,15,38,1,40,0,50,-1,1
"15",2015-03-16 22:22:31,2015-03-17 00:22:31,2015-03-17 00:31:49,0,32,0,40,15,38,1,40,0,50,-1,1
"16",2015-03-16 22:24:01,2015-03-17 00:24:01,2015-03-17 00:33:10,0,32,0,40,15,38,1,40,0,50,-1,1
"17",2015-03-16 22:25:31,2015-03-17 00:25:31,2015-03-17 00:35:01,0,32,0,40,15,38,1,40,0,50,-1,1
"18",2015-03-16 22:28:31,2015-03-17 00:28:31,2015-03-17 00:38:17,0,32,0,40,15,38,1,40,0,50,-1,1
"19",2015-03-16 22:34:31,2015-03-17 00:34:31,2015-03-17 00:43:48,0,32,0,40,15,38,1,40,0,50,-1,1
"20",2015-03-16 22:37:31,2015-03-17 00:37:31,2015-03-17 00:47:03,0,32,0,40,15,38,1,40,0,50,-1,1
"21",2015-03-16 22:39:01,2015-03-17 00:39:01,2015-03-17 00:48:28,0,32,0,40,15,38,1,40,0,50,-1,1
"22",2015-03-16 22:40:31,2015-03-17 00:40:31,2015-03-17 00:49:58,0,32,0,40,15,38,1,40,0,50,-1,1
"23",2015-03-16 22:42:01,2015-03-17 00:42:01,2015-03-17 00:51:36,0,32,0,40,15,38,1,40,0,50,-1,1
"24",2015-03-16 22:46:31,2015-03-17 00:46:31,2015-03-17 00:55:59,0,32,0,40,15,38,1,40,0,50,-1,1
"25",2015-03-16 22:48:01,2015-03-17 00:48:01,2015-03-17 00:57:20,0,32,0,40,15,38,1,40,0,50,-1,1
"26",2015-03-16 22:49:31,2015-03-17 00:49:31,2015-03-17 00:59:02,0,32,0,40,15,38,1,40,0,50,-1,1
"27",2015-03-16 22:52:31,2015-03-17 00:52:31,2015-03-17 01:01:27,0,32,0,40,15,38,1,40,0,50,-1,1
"28",2015-03-16 22:54:01,2015-03-17 00:54:01,2015-03-17 01:02:56,0,32,0,40,15,38,1,40,0,50,-1,1
"29",2015-03-16 22:57:01,2015-03-17 00:57:01,2015-03-17 01:05:53,0,32,0,40,15,38,1,40,0,50,-1,1
"30",2015-03-16 23:00:01,2015-03-17 01:00:01,2015-03-17 01:09:28,0,32,0,40,15,38,1,40,0,50,-1,1
"31",2015-03-16 23:01:31,2015-03-17 01:01:31,2015-03-17 01:10:58,0,32,0,40,15,38,1,40,0,50,-1,1
"32",2015-03-16 23:04:31,2015-03-17 01:04:31,2015-03-17 01:14:06,0,32,0,40,15,38,1,40,0,50,-1,1
"33",2015-03-16 23:09:01,2015-03-17 01:09:01,2015-03-17 01:17:46,0,32,0,40,15,38,1,40,0,50,-1,1
"34",2015-03-16 23:15:01,2015-03-17 01:15:01,2015-03-17 01:24:29,0,32,0,40,15,38,1,40,0,50,-1,1
"35",2015-03-16 23:18:01,2015-03-17 01:18:01,2015-03-17 01:26:51,0,32,0,40,15,38,1,40,0,50,-1,1
"36",2015-03-16 23:19:31,2015-03-17 01:19:31,2015-03-17 01:29:13,0,32,0,40,15,38,1,40,0,50,-1,1
"37",2015-03-16 23:24:01,2015-03-17 01:24:01,2015-03-17 01:33:44,1,32,40,32,15,32,1,32,0,50,-1,1
"38",2015-03-16 23:27:01,2015-03-17 01:27:01,2015-03-17 01:36:00,0,32,0,40,15,38,1,40,0,50,-1,1
"39",2015-03-16 23:28:31,2015-03-17 01:28:31,2015-03-17 01:38:02,0,32,0,40,15,38,1,40,0,50,-1,1
"40",2015-03-16 23:33:01,2015-03-17 01:33:01,2015-03-17 01:42:24,0,32,0,40,15,38,1,40,0,50,-1,1
"41",2015-03-16 23:34:31,2015-03-17 01:34:31,2015-03-17 01:43:25,0,32,0,40,15,38,1,40,0,50,-1,1
"42",2015-03-16 23:36:01,2015-03-17 01:36:01,2015-03-17 01:44:45,0,32,0,40,15,38,1,40,0,50,-1,1
"43",2015-03-16 23:40:31,2015-03-17 01:40:31,2015-03-17 01:50:02,0,32,0,40,15,38,1,40,0,50,-1,1
"44",2015-03-16 23:45:01,2015-03-17 01:45:01,2015-03-17 01:54:30,0,32,0,40,15,38,1,40,0,50,-1,1
"45",2015-03-16 23:58:31,2015-03-17 01:58:31,2015-03-17 02:07:29,0,32,0,40,15,38,1,40,0,50,-1,1
"46",2015-03-17 00:09:01,2015-03-17 02:09:01,2015-03-17 02:17:50,0,32,0,40,15,38,1,40,0,50,-1,1
"47",2015-03-17 00:10:31,2015-03-17 02:10:31,2015-03-17 02:19:33,0,32,0,40,15,38,1,40,0,50,-1,1
"48",2015-03-17 00:12:01,2015-03-17 02:12:01,2015-03-17 02:20:57,0,32,0,40,15,38,1,40,0,50,-1,1
"49",2015-03-17 00:52:31,2015-03-17 02:52:31,2015-03-17 03:00:59,0,32,0,40,15,38,1,40,0,50,-1,1
"50",2015-03-17 00:54:01,2015-03-17 02:54:01,2015-03-17 03:02:37,0,32,0,40,15,38,1,40,0,50,-1,1
"51",2015-03-17 00:55:31,2015-03-17 02:55:31,2015-03-17 03:05:01,0,32,0,40,15,38,1,40,0,50,-1,1
"52",2015-03-17 00:57:01,2015-03-17 02:57:01,2015-03-17 03:06:28,0,32,0,40,15,38,1,40,0,50,-1,1
"53",2015-03-17 00:58:31,2015-03-17 02:58:31,2015-03-17 03:08:10,0,32,0,40,15,38,1,40,0,50,-1,1
"54",2015-03-17 01:00:01,2015-03-17 03:00:01,2015-03-17 03:08:58,0,32,0,40,15,38,1,40,0,50,-1,1
"55",2015-03-17 01:04:31,2015-03-17 03:04:31,2015-03-17 03:13:56,0,32,0,40,15,38,1,40,0,50,-1,1
"56",2015-03-17 01:13:31,2015-03-17 03:13:31,2015-03-17 03:22:33,0,32,0,40,15,38,1,40,0,50,-1,1
"57",2015-03-17 01:16:31,2015-03-17 03:16:31,2015-03-17 03:25:46,0,32,0,40,15,38,1,40,0,50,-1,1
"58",2015-03-17 01:40:31,2015-03-17 03:40:31,2015-03-17 03:49:40,0,32,0,40,15,38,1,40,0,50,-1,1
"59",2015-03-17 01:42:01,2015-03-17 03:42:01,2015-03-17 03:51:52,0,32,0,40,15,38,1,40,0,50,-1,1
"60",2015-03-17 01:51:01,2015-03-17 03:51:01,2015-03-17 04:00:27,0,32,0,40,15,38,1,40,0,50,-1,1
"61",2015-03-17 02:13:31,2015-03-17 04:13:31,2015-03-17 04:23:16,0,32,0,40,15,38,1,40,0,50,-1,1
"62",2015-03-17 02:24:01,2015-03-17 04:24:01,2015-03-17 04:33:08,0,32,0,40,15,38,1,40,0,50,-1,1
"63",2015-03-17 02:25:31,2015-03-17 04:25:31,2015-03-17 04:35:22,0,32,0,40,15,38,1,40,0,50,-1,1
"64",2015-03-17 02:28:31,2015-03-17 04:28:31,2015-03-17 04:37:09,0,32,0,40,15,38,1,40,0,50,-1,1
"65",2015-03-17 02:39:01,2015-03-17 04:39:01,2015-03-17 04:48:52,0,32,0,40,15,38,1,40,0,50,-1,1
"66",2015-03-17 02:40:31,2015-03-17 04:40:31,2015-03-17 04:50:21,0,32,0,40,15,38,1,40,0,50,-1,1
"67",2015-03-17 02:43:31,2015-03-17 04:43:31,2015-03-17 04:52:33,0,32,0,40,15,38,1,40,0,50,-1,1
"68",2015-03-17 02:51:01,2015-03-17 04:51:01,2015-03-17 05:00:17,0,32,0,40,15,38,1,40,0,50,-1,1
"69",2015-03-17 02:55:31,2015-03-17 04:55:31,2015-03-17 05:04:34,4,32,160,32,15,32,1,32,0,50,-1,1
"70",2015-03-17 02:58:31,2015-03-17 04:58:31,2015-03-17 05:07:27,0,32,160,40,15,38,1,40,0,50,-1,1
"71",2015-03-17 03:00:01,2015-03-17 05:00:01,2015-03-17 05:09:49,0,32,0,40,15,38,1,40,0,50,-1,1
"72",2015-03-17 03:01:31,2015-03-17 05:01:31,2015-03-17 05:11:04,0,32,0,40,15,38,1,40,0,50,-1,1
"73",2015-03-17 03:07:31,2015-03-17 05:07:31,2015-03-17 05:16:44,0,32,0,40,15,38,1,40,0,50,-1,1
"74",2015-03-17 03:15:01,2015-03-17 05:15:01,2015-03-17 05:24:24,0,32,0,40,15,38,1,40,0,50,-1,1
"75",2015-03-17 03:18:01,2015-03-17 05:18:01,2015-03-17 05:27:18,0,32,0,40,15,38,1,40,0,50,-1,1
"76",2015-03-17 03:19:31,2015-03-17 05:19:31,2015-03-17 05:28:46,0,32,0,40,15,38,1,40,0,50,-1,1
"77",2015-03-17 03:21:01,2015-03-17 05:21:01,2015-03-17 05:30:28,0,32,0,40,15,38,1,40,0,50,-1,1
"78",2015-03-17 03:25:31,2015-03-17 05:25:31,2015-03-17 05:34:29,0,32,0,40,15,38,1,40,0,50,-1,1
"79",2015-03-17 03:28:31,2015-03-17 05:28:31,2015-03-17 05:37:24,0,32,0,40,15,38,1,40,0,50,-1,1
"80",2015-03-17 03:37:31,2015-03-17 05:37:31,2015-03-17 05:46:30,0,32,0,40,15,38,1,40,0,50,-1,1
"81",2015-03-17 03:46:31,2015-03-17 05:46:31,2015-03-17 05:56:18,0,32,0,40,15,38,1,40,0,50,-1,1
"82",2015-03-17 03:49:31,2015-03-17 05:49:31,2015-03-17 05:58:11,0,32,0,40,15,38,1,40,0,50,-1,1
"83",2015-03-17 03:51:01,2015-03-17 05:51:01,2015-03-17 05:59:49,0,32,0,40,15,38,1,40,0,50,-1,1
"84",2015-03-17 03:52:31,2015-03-17 05:52:31,2015-03-17 06:02:18,0,32,0,40,15,38,1,40,0,50,-1,1
"85",2015-03-17 03:54:01,2015-03-17 05:54:01,2015-03-17 06:02:24,0,32,0,40,15,38,1,40,0,50,-1,1
"86",2015-03-17 04:09:01,2015-03-17 06:09:01,2015-03-17 06:18:03,0,32,0,40,15,38,1,40,0,50,-1,1
"87",2015-03-17 04:10:31,2015-03-17 06:10:31,2015-03-17 06:19:38,0,32,0,40,15,38,1,40,0,50,-1,1
"88",2015-03-17 04:19:31,2015-03-17 06:19:31,2015-03-17 06:29:19,0,32,0,40,15,38,1,40,0,50,-1,1
"89",2015-03-17 04:33:01,2015-03-17 06:33:01,2015-03-17 06:42:25,0,32,0,40,15,38,1,40,0,50,-1,1
"90",2015-03-17 04:36:01,2015-03-17 06:36:01,2015-03-17 06:45:32,3,32,40,32,15,32,1,32,0,50,-1,1
"91",2015-03-17 04:39:01,2015-03-17 06:39:01,2015-03-17 06:47:46,1,32,0,40,15,38,1,40,0,50,-1,1
"92",2015-03-17 04:43:31,2015-03-17 06:43:31,2015-03-17 06:52:25,4,32,80,32,15,32,1,32,0,50,-1,1
"93",2015-03-17 04:51:01,2015-03-17 06:51:01,2015-03-17 07:00:25,1,32,40,32,15,32,1,32,0,50,-1,1
"94",2015-03-17 04:54:01,2015-03-17 06:54:01,2015-03-17 07:03:07,4,32,80,32,15,32,1,32,0,50,-1,1
"95",2015-03-17 04:57:01,2015-03-17 06:57:01,2015-03-17 07:06:24,1,32,40,32,15,32,1,32,0,50,-1,1
"96",2015-03-17 04:58:31,2015-03-17 06:58:31,2015-03-17 07:07:59,0,32,0,40,15,38,1,40,0,50,-1,1
"97",2015-03-17 05:01:31,2015-03-17 07:01:31,2015-03-17 07:10:25,0,32,0,40,15,38,1,40,0,50,-1,1
"98",2015-03-17 05:15:01,2015-03-17 07:15:01,2015-03-17 07:24:15,5,32,120,32,15,32,1,32,0,50,-1,1
"99",2015-03-17 05:21:01,2015-03-17 07:21:01,2015-03-17 07:30:09,2,32,80,32,15,32,1,32,0,50,-1,1
"100",2015-03-17 05:24:01,2015-03-17 07:24:01,2015-03-17 07:33:20,1,32,40,32,15,32,1,32,0,50,-1,1
"101",2015-03-17 05:28:31,2015-03-17 07:28:31,2015-03-17 07:37:38,12,32,160,32,1,32,1,32,0,50,-1,1
"102",2015-03-17 05:37:31,2015-03-17 07:37:31,2015-03-17 07:46:53,2,32,40,32,12,32,1,32,0,50,-1,1
"103",2015-03-17 05:39:01,2015-03-17 07:39:01,2015-03-17 07:48:24,7,32,240,32,15,32,1,32,0,50,-1,1
"104",2015-03-17 05:58:31,2015-03-17 07:58:31,2015-03-17 08:07:53,6,32,120,32,16,32,1,32,0,50,-1,1
"105",2015-03-17 06:12:01,2015-03-17 08:12:01,2015-03-17 08:21:52,4,32,200,32,16,32,1,32,0,50,-1,1
"106",2015-03-17 06:25:31,2015-03-17 08:25:31,2015-03-17 08:37:32,6,32,200,32,16,32,1,32,0,50,-1,1
"107",2015-03-17 06:39:01,2015-03-17 08:39:01,2015-03-17 08:48:29,4,32,80,32,16,32,1,32,0,50,-1,1
"108",2015-03-17 06:52:31,2015-03-17 08:52:31,2015-03-17 09:01:59,2,32,40,32,16,32,1,32,0,50,-1,1
"109",2015-03-17 06:54:01,2015-03-17 08:54:01,2015-03-17 09:03:36,5,32,80,32,16,32,1,32,0,50,-1,1
"110",2015-03-17 06:57:01,2015-03-17 08:57:01,2015-03-17 09:06:38,6,32,160,32,16,32,1,32,0,50,-1,1
"111",2015-03-17 06:58:31,2015-03-17 08:58:31,2015-03-17 09:06:59,3,32,80,32,16,32,1,32,0,50,-1,1
"112",2015-03-17 07:00:01,2015-03-17 09:00:01,2015-03-17 09:09:08,1,32,40,32,16,32,1,32,0,50,-1,1
"113",2015-03-17 07:03:01,2015-03-17 09:03:01,2015-03-17 09:12:16,11,32,200,32,3,32,1,32,0,50,-1,1
"114",2015-03-17 07:04:31,2015-03-17 09:04:31,2015-03-17 09:13:06,7,32,120,32,11,32,1,32,0,50,-1,1
"115",2015-03-17 07:06:01,2015-03-17 09:06:01,2015-03-17 09:15:28,12,32,40,32,3,32,1,32,0,50,-1,1
"116",2015-03-17 07:09:01,2015-03-17 09:09:01,2015-03-17 09:17:28,5,32,80,32,16,32,1,32,0,50,-1,1
"117",2015-03-17 07:10:31,2015-03-17 09:10:31,2015-03-17 09:17:34,9,32,120,32,9,32,1,32,0,50,-1,1
"118",2015-03-17 07:12:01,2015-03-17 09:12:01,2015-03-17 09:17:37,1,32,80,32,16,32,1,32,0,50,-1,1
"119",2015-03-17 07:13:31,2015-03-17 09:13:31,2015-03-17 09:17:48,5,32,80,32,16,32,1,32,0,50,-1,1
"120",2015-03-17 07:15:01,2015-03-17 09:15:01,2015-03-17 09:17:57,10,32,80,32,8,32,1,32,0,50,-1,1
"121",2015-03-17 07:16:31,2015-03-17 09:16:31,2015-03-17 09:18:10,3,32,40,32,16,32,1,32,0,50,-1,1
"122",2015-03-17 07:18:01,2015-03-17 09:18:01,2015-03-17 09:18:54,2,32,80,32,16,32,1,32,0,50,-1,1
"123",2015-03-17 07:19:31,2015-03-17 09:19:31,2015-03-17 09:20:23,2,32,40,32,16,32,1,32,0,50,-1,1
"124",2015-03-17 07:21:01,2015-03-17 09:21:01,2015-03-17 09:21:53,7,32,200,32,8,32,1,32,0,50,-1,1
"125",2015-03-17 07:22:31,2015-03-17 09:22:31,2015-03-17 09:23:20,6,32,120,32,16,32,1,32,0,50,-1,1
"126",2015-03-17 07:24:01,2015-03-17 09:24:01,2015-03-17 09:24:47,2,32,40,32,16,32,1,32,0,50,-1,1
"127",2015-03-17 07:25:31,2015-03-17 09:25:31,2015-03-17 09:26:17,7,32,80,32,8,32,1,32,0,50,-1,1
"128",2015-03-17 07:27:01,2015-03-17 09:27:01,2015-03-17 09:27:50,5,32,80,32,16,32,1,32,0,50,-1,1
"129",2015-03-17 07:28:31,2015-03-17 09:28:31,2015-03-17 09:29:23,0,32,0,40,16,38,1,40,0,50,-1,1
"130",2015-03-17 07:30:01,2015-03-17 09:30:01,2015-03-17 09:30:50,5,32,160,32,13,32,1,32,0,50,-1,1
"131",2015-03-17 07:31:31,2015-03-17 09:31:31,2015-03-17 09:32:21,5,32,120,32,15,32,1,32,0,50,-1,1
"132",2015-03-17 07:33:01,2015-03-17 09:33:01,2015-03-17 09:33:50,2,32,40,32,15,32,1,32,0,50,-1,1
"133",2015-03-17 07:34:31,2015-03-17 09:34:31,2015-03-17 09:35:23,2,32,40,32,15,32,1,32,0,50,-1,1
"134",2015-03-17 07:36:01,2015-03-17 09:36:01,2015-03-17 09:36:53,7,32,200,32,15,32,1,32,0,50,-1,1
"135",2015-03-17 07:37:31,2015-03-17 09:37:31,2015-03-17 09:38:24,12,32,160,32,7,32,1,32,0,50,-1,1
"136",2015-03-17 07:39:01,2015-03-17 09:39:01,2015-03-17 09:39:53,6,32,80,32,15,32,1,32,0,50,-1,1
"137",2015-03-17 07:40:31,2015-03-17 09:40:31,2015-03-17 09:41:19,4,32,120,32,16,32,1,32,0,50,-1,1
"138",2015-03-17 07:42:01,2015-03-17 09:42:01,2015-03-17 09:42:54,9,32,80,32,8,32,1,32,0,50,-1,1
"139",2015-03-17 07:43:31,2015-03-17 09:43:31,2015-03-17 09:44:24,4,32,80,32,16,32,1,32,0,50,-1,1
"140",2015-03-17 07:45:01,2015-03-17 09:45:01,2015-03-17 09:45:52,2,32,40,32,16,32,1,32,0,50,-1,1
"141",2015-03-17 07:46:31,2015-03-17 09:46:31,2015-03-17 09:47:25,7,32,160,32,8,32,1,32,0,50,-1,1
"142",2015-03-17 07:48:01,2015-03-17 09:48:01,2015-03-17 09:48:53,3,32,40,32,16,32,1,32,0,50,-1,1
"143",2015-03-17 07:49:31,2015-03-17 09:49:31,2015-03-17 09:50:21,4,32,120,32,16,32,1,32,0,50,-1,1
"144",2015-03-17 07:51:01,2015-03-17 09:51:01,2015-03-17 09:51:53,2,32,40,32,16,32,1,32,0,50,-1,1
"145",2015-03-17 07:52:31,2015-03-17 09:52:31,2015-03-17 09:53:23,7,32,40,32,8,32,1,32,0,50,-1,1
"146",2015-03-17 07:54:01,2015-03-17 09:54:01,2015-03-17 09:54:54,12,32,120,32,5,32,1,32,0,50,-1,1
"147",2015-03-17 07:55:31,2015-03-17 09:55:31,2015-03-17 09:55:53,17,32,40,32,0,32,1,32,0,50,-1,1
"148",2015-03-17 07:57:01,2015-03-17 09:57:01,2015-03-17 09:57:50,16,32,120,32,5,32,1,32,0,50,-1,1
"149",2015-03-17 07:58:31,2015-03-17 09:58:31,2015-03-17 09:59:18,2,32,40,32,13,32,1,32,0,50,-1,1
"150",2015-03-17 08:00:01,2015-03-17 10:00:01,2015-03-17 10:00:53,0,32,0,40,16,38,1,40,0,50,-1,1
"151",2015-03-17 08:01:31,2015-03-17 10:01:31,2015-03-17 10:02:20,5,32,120,32,10,32,1,32,0,50,-1,1
"152",2015-03-17 08:03:01,2015-03-17 10:03:01,2015-03-17 10:03:47,2,32,40,32,15,32,1,32,0,50,-1,1
"153",2015-03-17 08:04:31,2015-03-17 10:04:31,2015-03-17 10:05:16,2,32,40,32,15,32,1,32,0,50,-1,1
"154",2015-03-17 08:06:01,2015-03-17 10:06:01,2015-03-17 10:06:54,5,32,40,32,15,32,1,32,0,50,-1,1
"155",2015-03-17 08:07:31,2015-03-17 10:07:31,2015-03-17 10:08:24,10,32,120,32,7,32,1,32,0,50,-1,1
"156",2015-03-17 08:09:01,2015-03-17 10:09:01,2015-03-17 10:09:53,5,32,80,32,15,32,1,32,0,50,-1,1
"157",2015-03-17 08:10:31,2015-03-17 10:10:31,2015-03-17 10:11:23,2,32,40,32,15,32,1,32,0,50,-1,1
"158",2015-03-17 08:12:01,2015-03-17 10:12:01,2015-03-17 10:12:47,7,32,120,32,10,32,1,32,0,50,-1,1
"159",2015-03-17 08:13:31,2015-03-17 10:13:31,2015-03-17 10:14:20,1,32,40,32,15,32,1,32,0,50,-1,1
"160",2015-03-17 08:15:01,2015-03-17 10:15:01,2015-03-17 10:15:51,6,32,80,32,7,32,1,32,0,50,-1,1
"161",2015-03-17 08:16:31,2015-03-17 10:16:31,2015-03-17 10:17:23,0,32,0,40,15,38,1,40,0,50,-1,1
"162",2015-03-17 08:18:01,2015-03-17 10:18:01,2015-03-17 10:18:50,5,32,80,32,7,32,1,32,0,50,-1,1
"163",2015-03-17 08:19:31,2015-03-17 10:19:31,2015-03-17 10:20:21,10,32,120,32,1,32,1,32,0,50,-1,1
"164",2015-03-17 08:21:01,2015-03-17 10:21:01,2015-03-17 10:21:53,10,32,40,32,3,32,1,32,0,50,-1,1
"165",2015-03-17 08:22:31,2015-03-17 10:22:31,2015-03-17 10:23:18,15,32,80,32,1,32,1,32,0,50,-1,1
"166",2015-03-17 08:24:01,2015-03-17 10:24:01,2015-03-17 10:24:47,20,32,80,32,2,32,1,32,0,50,-1,1
"167",2015-03-17 08:25:31,2015-03-17 10:25:31,2015-03-17 10:26:20,1,32,80,32,10,32,1,32,0,50,-1,1
"168",2015-03-17 08:27:01,2015-03-17 10:27:01,2015-03-17 10:27:50,6,32,120,32,15,32,1,32,0,50,-1,1
"169",2015-03-17 08:28:31,2015-03-17 10:28:31,2015-03-17 10:29:18,10,32,200,32,13,32,1,32,0,50,-1,1
"170",2015-03-17 08:30:01,2015-03-17 10:30:01,2015-03-17 10:30:48,3,32,40,32,15,32,1,32,0,50,-1,1
"171",2015-03-17 08:31:31,2015-03-17 10:31:31,2015-03-17 10:32:18,8,32,200,32,8,32,1,32,0,50,-1,1
"172",2015-03-17 08:33:01,2015-03-17 10:33:01,2015-03-17 10:34:02,6,32,80,32,15,32,1,32,0,50,-1,1
"173",2015-03-17 08:34:31,2015-03-17 10:34:31,2015-03-17 10:35:16,11,32,80,32,7,32,1,32,0,50,-1,1
"174",2015-03-17 08:36:01,2015-03-17 10:36:01,2015-03-17 10:36:54,1,32,0,40,15,38,1,40,0,50,-1,1
"175",2015-03-17 08:37:31,2015-03-17 10:37:31,2015-03-17 10:38:21,6,32,200,32,7,32,1,32,0,50,-1,1
"176",2015-03-17 08:39:01,2015-03-17 10:39:01,2015-03-17 10:39:51,10,32,200,32,13,32,1,32,0,50,-1,1
"177",2015-03-17 08:40:31,2015-03-17 10:40:31,2015-03-17 10:41:18,3,32,40,32,15,32,1,32,0,50,-1,1
"178",2015-03-17 08:42:01,2015-03-17 10:42:01,2015-03-17 10:42:47,8,32,200,32,12,32,1,32,0,50,-1,1
"179",2015-03-17 08:43:31,2015-03-17 10:43:31,2015-03-17 10:44:18,6,32,120,32,15,32,1,32,0,50,-1,1
"180",2015-03-17 08:45:01,2015-03-17 10:45:01,2015-03-17 10:45:55,2,32,40,32,15,32,1,32,0,50,-1,1
"181",2015-03-17 08:46:31,2015-03-17 10:46:31,2015-03-17 10:47:20,2,32,40,32,15,32,1,32,0,50,-1,1
"182",2015-03-17 08:48:01,2015-03-17 10:48:01,2015-03-17 10:48:53,2,32,40,32,15,32,1,32,0,50,-1,1
"183",2015-03-17 08:49:31,2015-03-17 10:49:31,2015-03-17 10:50:30,3,32,40,32,15,32,1,32,0,50,-1,1
"184",2015-03-17 08:51:01,2015-03-17 10:51:01,2015-03-17 10:51:47,2,32,40,32,15,32,1,32,0,50,-1,1
"185",2015-03-17 08:52:31,2015-03-17 10:52:31,2015-03-17 10:53:20,2,32,40,32,15,32,1,32,0,50,-1,1
"186",2015-03-17 08:54:01,2015-03-17 10:54:01,2015-03-17 10:54:53,7,32,200,32,7,32,1,32,0,50,-1,1
"187",2015-03-17 08:55:31,2015-03-17 10:55:31,2015-03-17 10:56:23,12,32,200,32,10,32,1,32,0,50,-1,1
"188",2015-03-17 08:57:01,2015-03-17 10:57:01,2015-03-17 10:57:54,5,32,40,32,15,32,1,32,0,50,-1,1
"189",2015-03-17 08:58:31,2015-03-17 10:58:31,2015-03-17 10:59:21,4,32,40,32,15,32,1,32,0,50,-1,1
"190",2015-03-17 09:00:01,2015-03-17 11:00:01,2015-03-17 11:00:50,2,32,40,32,15,32,1,32,0,50,-1,1
"191",2015-03-17 09:01:31,2015-03-17 11:01:31,2015-03-17 11:02:18,7,32,200,32,7,32,1,32,0,50,-1,1
"192",2015-03-17 09:03:01,2015-03-17 11:03:01,2015-03-17 11:03:47,5,32,120,32,15,32,1,32,0,50,-1,1
"193",2015-03-17 09:04:31,2015-03-17 11:04:31,2015-03-17 11:05:23,5,32,40,32,15,32,1,32,0,50,-1,1
"194",2015-03-17 09:06:01,2015-03-17 11:06:01,2015-03-17 11:06:47,10,32,120,32,7,32,1,32,0,50,-1,1
"195",2015-03-17 09:07:31,2015-03-17 11:07:31,2015-03-17 11:08:23,0,32,0,40,15,38,1,40,0,50,-1,1
"196",2015-03-17 09:09:01,2015-03-17 11:09:01,2015-03-17 11:09:50,2,32,40,32,15,32,1,32,0,50,-1,1
"197",2015-03-17 09:10:31,2015-03-17 11:10:31,2015-03-17 11:11:18,7,32,160,32,13,32,1,32,0,50,-1,1
"198",2015-03-17 09:12:01,2015-03-17 11:12:01,2015-03-17 11:12:48,12,32,200,32,5,32,1,32,0,50,-1,1
"199",2015-03-17 09:13:31,2015-03-17 11:13:31,2015-03-17 11:14:23,5,32,80,32,13,32,1,32,0,50,-1,1
"200",2015-03-17 09:15:01,2015-03-17 11:15:01,2015-03-17 11:15:50,3,32,80,32,15,32,1,32,0,50,-1,1
"201",2015-03-17 09:16:31,2015-03-17 11:16:31,2015-03-17 11:17:21,0,32,0,40,15,38,1,40,0,50,-1,1
"202",2015-03-17 09:18:01,2015-03-17 11:18:01,2015-03-17 11:18:50,5,32,80,32,15,32,1,32,0,50,-1,1
"203",2015-03-17 09:19:31,2015-03-17 11:19:31,2015-03-17 11:20:21,10,32,40,32,7,32,1,32,0,50,-1,1
"204",2015-03-17 09:21:01,2015-03-17 11:21:01,2015-03-17 11:21:53,15,32,200,32,6,32,1,32,0,50,-1,1
"205",2015-03-17 09:22:31,2015-03-17 11:22:31,2015-03-17 11:23:24,1,32,40,32,14,32,1,32,0,50,-1,1
"206",2015-03-17 09:24:01,2015-03-17 11:24:01,2015-03-17 11:24:54,5,32,80,32,15,32,1,32,0,50,-1,1
"207",2015-03-17 09:25:31,2015-03-17 11:25:31,2015-03-17 11:26:21,7,32,80,32,15,32,1,32,0,50,-1,1
"208",2015-03-17 09:27:01,2015-03-17 11:27:01,2015-03-17 11:27:51,0,32,0,40,15,38,1,40,0,50,-1,1
"209",2015-03-17 09:28:31,2015-03-17 11:28:31,2015-03-17 11:29:24,0,32,0,40,15,38,1,40,0,50,-1,1
"210",2015-03-17 09:30:01,2015-03-17 11:30:01,2015-03-17 11:30:50,3,32,40,32,15,32,1,32,0,50,-1,1
"211",2015-03-17 09:31:31,2015-03-17 11:31:31,2015-03-17 11:32:18,3,32,80,32,15,32,1,32,0,50,-1,1
"212",2015-03-17 09:33:01,2015-03-17 11:33:01,2015-03-17 11:33:50,8,32,160,32,7,32,1,32,0,50,-1,1
"213",2015-03-17 09:34:31,2015-03-17 11:34:31,2015-03-17 11:35:20,2,32,40,32,15,32,1,32,0,50,-1,1
"214",2015-03-17 09:36:01,2015-03-17 11:36:01,2015-03-17 11:36:53,4,32,40,32,15,32,1,32,0,50,-1,1
"215",2015-03-17 09:37:31,2015-03-17 11:37:31,2015-03-17 11:38:20,5,32,80,32,15,32,1,32,0,50,-1,1
"216",2015-03-17 09:39:01,2015-03-17 11:39:01,2015-03-17 11:39:55,4,32,160,32,15,32,1,32,0,50,-1,1
"217",2015-03-17 09:40:31,2015-03-17 11:40:31,2015-03-17 11:41:18,2,32,40,32,15,32,1,32,0,50,-1,1
"218",2015-03-17 09:42:01,2015-03-17 11:42:01,2015-03-17 11:42:51,7,32,0,40,15,38,1,40,0,50,-1,1
"219",2015-03-17 09:43:31,2015-03-17 11:43:31,2015-03-17 11:44:20,12,32,80,32,7,32,1,32,0,50,-1,1
"220",2015-03-17 09:45:01,2015-03-17 11:45:01,2015-03-17 11:45:51,4,32,80,32,15,32,1,32,0,50,-1,1
"221",2015-03-17 09:46:31,2015-03-17 11:46:31,2015-03-17 11:47:23,6,32,120,32,15,32,1,32,0,50,-1,1
"222",2015-03-17 09:48:01,2015-03-17 11:48:01,2015-03-17 11:48:50,11,32,0,40,15,38,1,40,0,50,-1,1
"223",2015-03-17 09:49:31,2015-03-17 11:49:31,2015-03-17 11:50:20,16,32,40,32,7,32,1,32,0,50,-1,1
"224",2015-03-17 09:51:01,2015-03-17 11:51:01,2015-03-17 11:51:16,4,32,80,32,15,32,1,32,0,50,-1,1
"225",2015-03-17 09:52:31,2015-03-17 11:52:31,2015-03-17 11:53:23,6,32,80,32,15,32,1,32,0,50,-1,1
"226",2015-03-17 09:54:01,2015-03-17 11:54:01,2015-03-17 11:54:51,6,32,80,32,15,32,1,32,0,50,-1,1
"227",2015-03-17 09:55:31,2015-03-17 11:55:31,2015-03-17 11:56:23,2,32,40,32,15,32,1,32,0,50,-1,1
"228",2015-03-17 09:57:01,2015-03-17 11:57:01,2015-03-17 11:57:53,2,32,80,32,15,32,1,32,0,50,-1,1
"229",2015-03-17 09:58:31,2015-03-17 11:58:31,2015-03-17 11:59:21,7,32,280,32,17,32,1,32,0,50,-1,1
"230",2015-03-17 10:00:01,2015-03-17 12:00:01,2015-03-17 12:00:53,2,32,80,32,15,32,1,32,0,50,-1,1
"231",2015-03-17 10:01:31,2015-03-17 12:01:31,2015-03-17 12:02:21,2,32,160,32,15,32,1,32,0,50,-1,1
"232",2015-03-17 10:03:01,2015-03-17 12:03:01,2015-03-17 12:03:50,6,32,120,32,15,32,1,32,0,50,-1,1
"233",2015-03-17 10:04:31,2015-03-17 12:04:31,2015-03-17 12:05:17,3,32,40,32,15,32,1,32,0,50,-1,1
"234",2015-03-17 10:06:01,2015-03-17 12:06:01,2015-03-17 12:06:54,3,32,40,32,15,32,1,32,0,50,-1,1
"235",2015-03-17 10:07:31,2015-03-17 12:07:31,2015-03-17 12:08:20,7,32,160,32,15,32,1,32,0,50,-1,1
"236",2015-03-17 10:09:01,2015-03-17 12:09:01,2015-03-17 12:09:48,7,32,120,32,15,32,1,32,0,50,-1,1
"237",2015-03-17 10:10:31,2015-03-17 12:10:31,2015-03-17 12:11:23,1,32,40,32,15,32,1,32,0,50,-1,1
"238",2015-03-17 10:12:01,2015-03-17 12:12:01,2015-03-17 12:12:54,6,32,120,32,8,32,1,32,0,50,-1,1
"239",2015-03-17 10:13:31,2015-03-17 12:13:31,2015-03-17 12:14:47,9,32,160,32,12,32,1,32,0,50,-1,1
"240",2015-03-17 10:15:01,2015-03-17 12:15:01,2015-03-17 12:15:53,3,32,80,32,15,32,1,32,0,50,-1,1
"241",2015-03-17 10:16:31,2015-03-17 12:16:31,2015-03-17 12:17:25,7,32,40,32,15,32,1,32,0,50,-1,1
"242",2015-03-17 10:18:01,2015-03-17 12:18:01,2015-03-17 12:18:51,2,32,80,32,15,32,1,32,0,50,-1,1
"243",2015-03-17 10:19:31,2015-03-17 12:19:31,2015-03-17 12:20:24,7,32,120,32,9,32,1,32,0,50,-1,1
"244",2015-03-17 10:21:01,2015-03-17 12:21:01,2015-03-17 12:21:51,12,32,40,32,1,32,1,32,0,50,-1,1
"245",2015-03-17 10:22:31,2015-03-17 12:22:31,2015-03-17 12:23:21,5,32,120,32,9,32,1,32,0,50,-1,1
"246",2015-03-17 10:24:01,2015-03-17 12:24:01,2015-03-17 12:24:51,10,32,80,32,5,32,1,32,0,50,-1,1
"247",2015-03-17 10:25:31,2015-03-17 12:25:31,2015-03-17 12:26:20,11,32,160,32,9,32,1,32,0,50,-1,1
"248",2015-03-17 10:27:01,2015-03-17 12:27:01,2015-03-17 12:27:50,7,32,120,32,15,32,1,32,0,50,-1,1
"249",2015-03-17 10:28:31,2015-03-17 12:28:31,2015-03-17 12:29:23,12,32,120,32,7,32,1,32,0,50,-1,1
"250",2015-03-17 10:30:01,2015-03-17 12:30:01,2015-03-17 12:30:50,17,32,40,32,1,32,1,32,0,50,-1,1
"251",2015-03-17 10:31:31,2015-03-17 12:31:31,2015-03-17 12:32:24,6,32,80,32,9,32,1,32,0,50,-1,1
"252",2015-03-17 10:33:01,2015-03-17 12:33:01,2015-03-17 12:33:50,2,32,80,32,15,32,1,32,0,50,-1,1
"253",2015-03-17 10:34:31,2015-03-17 12:34:31,2015-03-17 12:35:21,7,32,80,32,7,32,1,32,0,50,-1,1
"254",2015-03-17 10:36:01,2015-03-17 12:36:01,2015-03-17 12:36:47,12,32,120,32,2,32,1,32,0,50,-1,1
"255",2015-03-17 10:37:31,2015-03-17 12:37:31,2015-03-17 12:38:24,7,32,200,32,10,32,1,32,0,50,-1,1
"256",2015-03-17 10:39:01,2015-03-17 12:39:01,2015-03-17 12:39:54,12,32,40,32,2,32,1,32,0,50,-1,1
"257",2015-03-17 10:40:31,2015-03-17 12:40:31,2015-03-17 12:41:21,17,32,120,32,2,32,1,32,0,50,-1,1
"258",2015-03-17 10:42:01,2015-03-17 12:42:01,2015-03-17 12:42:50,1,32,80,32,10,32,1,32,0,50,-1,1
"259",2015-03-17 10:43:31,2015-03-17 12:43:31,2015-03-17 12:44:24,1,32,40,32,15,32,1,32,0,50,-1,1
"260",2015-03-17 10:45:01,2015-03-17 12:45:01,2015-03-17 12:45:51,2,32,80,32,15,32,1,32,0,50,-1,1
"261",2015-03-17 10:46:31,2015-03-17 12:46:31,2015-03-17 12:47:20,7,32,80,32,7,32,1,32,0,50,-1,1
"262",2015-03-17 10:48:01,2015-03-17 12:48:01,2015-03-17 12:48:50,12,32,40,32,0,32,1,32,0,50,-1,1
"263",2015-03-17 10:49:31,2015-03-17 12:49:31,2015-03-17 12:50:23,4,32,160,32,8,32,1,32,0,50,-1,1
"264",2015-03-17 10:51:01,2015-03-17 12:51:01,2015-03-17 12:51:54,9,32,200,32,2,32,1,32,0,50,-1,1
"265",2015-03-17 10:52:31,2015-03-17 12:52:31,2015-03-17 12:53:21,3,32,40,32,10,32,1,32,0,50,-1,1
"266",2015-03-17 10:54:01,2015-03-17 12:54:01,2015-03-17 12:54:47,6,32,80,32,15,32,1,32,0,50,-1,1
"267",2015-03-17 10:55:31,2015-03-17 12:55:31,2015-03-17 12:56:23,2,32,40,32,15,32,1,32,0,50,-1,1
"268",2015-03-17 10:57:01,2015-03-17 12:57:01,2015-03-17 12:57:48,1,32,40,32,15,32,1,32,0,50,-1,1
"269",2015-03-17 10:58:31,2015-03-17 12:58:31,2015-03-17 12:59:21,5,32,80,32,15,32,1,32,0,50,-1,1
"270",2015-03-17 11:00:01,2015-03-17 13:00:01,2015-03-17 13:00:51,0,32,0,40,15,38,1,40,0,50,-1,1
"271",2015-03-17 11:01:31,2015-03-17 13:01:31,2015-03-17 13:02:18,3,32,40,32,15,32,1,32,0,50,-1,1
"272",2015-03-17 11:03:01,2015-03-17 13:03:01,2015-03-17 13:03:48,2,32,40,32,15,32,1,32,0,50,-1,1
"273",2015-03-17 11:04:31,2015-03-17 13:04:31,2015-03-17 13:05:24,0,32,40,32,15,38,1,38,0,50,-1,1
"274",2015-03-17 11:06:01,2015-03-17 13:06:01,2015-03-17 13:06:47,0,32,0,40,15,38,1,40,0,50,-1,1
"275",2015-03-17 11:07:31,2015-03-17 13:07:31,2015-03-17 13:08:21,5,32,0,40,15,38,1,40,0,50,-1,1
"276",2015-03-17 11:09:01,2015-03-17 13:09:01,2015-03-17 13:09:51,10,32,40,32,7,32,1,32,0,50,-1,1
"277",2015-03-17 11:10:31,2015-03-17 13:10:31,2015-03-17 13:11:20,0,32,0,40,15,38,1,40,0,50,-1,1
"278",2015-03-17 11:12:01,2015-03-17 13:12:01,2015-03-17 13:12:48,5,32,120,32,10,32,1,32,0,50,-1,1
"279",2015-03-17 11:13:31,2015-03-17 13:13:31,2015-03-17 13:14:25,0,32,0,40,15,38,1,40,0,50,-1,1
"280",2015-03-17 11:15:01,2015-03-17 13:15:01,2015-03-17 13:15:54,5,32,120,32,15,32,1,32,0,50,-1,1
"281",2015-03-17 11:16:31,2015-03-17 13:16:31,2015-03-17 13:17:26,0,32,0,40,15,38,1,40,0,50,-1,1
"282",2015-03-17 11:18:01,2015-03-17 13:18:01,2015-03-17 13:18:52,1,32,40,32,15,32,1,32,0,50,-1,1
"283",2015-03-17 11:19:31,2015-03-17 13:19:31,2015-03-17 13:20:20,6,32,80,32,7,32,1,32,0,50,-1,1
"284",2015-03-17 11:21:01,2015-03-17 13:21:01,2015-03-17 13:21:52,2,32,80,32,15,32,1,32,0,50,-1,1
"285",2015-03-17 11:22:31,2015-03-17 13:22:31,2015-03-17 13:23:24,0,32,0,40,15,38,1,40,0,50,-1,1
"286",2015-03-17 11:24:01,2015-03-17 13:24:01,2015-03-17 13:24:53,0,32,0,40,15,38,1,40,0,50,-1,1
"287",2015-03-17 11:25:31,2015-03-17 13:25:31,2015-03-17 13:26:20,5,32,120,32,7,32,1,32,0,50,-1,1
"288",2015-03-17 11:27:01,2015-03-17 13:27:01,2015-03-17 13:27:54,2,32,40,32,15,32,1,32,0,50,-1,1
"289",2015-03-17 11:28:31,2015-03-17 13:28:31,2015-03-17 13:29:21,7,32,120,32,7,32,1,32,0,50,-1,1
"290",2015-03-17 11:30:01,2015-03-17 13:30:01,2015-03-17 13:30:50,2,32,40,32,15,32,1,32,0,50,-1,1
"291",2015-03-17 11:31:31,2015-03-17 13:31:31,2015-03-17 13:32:26,7,32,0,40,15,38,1,40,0,50,-1,1
"292",2015-03-17 11:33:01,2015-03-17 13:33:01,2015-03-17 13:33:48,12,32,120,32,7,32,1,32,0,50,-1,1
"293",2015-03-17 11:34:31,2015-03-17 13:34:31,2015-03-17 13:35:23,3,32,80,32,15,32,1,32,0,50,-1,1
"294",2015-03-17 11:36:01,2015-03-17 13:36:01,2015-03-17 13:36:51,2,32,40,32,15,32,1,32,0,50,-1,1
"295",2015-03-17 11:37:31,2015-03-17 13:37:31,2015-03-17 13:38:38,4,32,40,32,15,32,1,32,0,50,-1,1
"296",2015-03-17 11:39:01,2015-03-17 13:39:01,2015-03-17 13:39:51,3,32,120,32,15,32,1,32,0,50,-1,1
"297",2015-03-17 11:40:31,2015-03-17 13:40:31,2015-03-17 13:41:24,0,32,0,40,15,38,1,40,0,50,-1,1
"298",2015-03-17 11:42:01,2015-03-17 13:42:01,2015-03-17 13:42:50,4,32,80,32,15,32,1,32,0,50,-1,1
"299",2015-03-17 11:43:31,2015-03-17 13:43:31,2015-03-17 13:44:25,3,32,120,32,15,32,1,32,0,50,-1,1
"300",2015-03-17 11:45:01,2015-03-17 13:45:01,2015-03-17 13:45:48,4,32,80,32,15,32,1,32,0,50,-1,1
"301",2015-03-17 11:46:31,2015-03-17 13:46:31,2015-03-17 13:47:25,9,32,200,32,8,32,1,32,0,50,-1,1
"302",2015-03-17 11:48:01,2015-03-17 13:48:01,2015-03-17 13:48:53,6,32,120,32,15,32,1,32,0,50,-1,1
"303",2015-03-17 11:49:31,2015-03-17 13:49:31,2015-03-17 13:50:24,3,32,120,32,15,32,1,32,0,50,-1,1
"304",2015-03-17 11:51:01,2015-03-17 13:51:01,2015-03-17 13:51:54,1,32,40,32,15,32,1,32,0,50,-1,1
"305",2015-03-17 11:52:31,2015-03-17 13:52:31,2015-03-17 13:53:23,1,32,40,32,15,32,1,32,0,50,-1,1
"306",2015-03-17 11:54:01,2015-03-17 13:54:01,2015-03-17 13:54:51,5,32,160,32,15,32,1,32,0,50,-1,1
"307",2015-03-17 11:55:31,2015-03-17 13:55:31,2015-03-17 13:56:21,0,32,0,40,15,38,1,40,0,50,-1,1
"308",2015-03-17 11:57:01,2015-03-17 13:57:01,2015-03-17 13:57:53,2,32,40,32,15,32,1,32,0,50,-1,1
"309",2015-03-17 11:58:31,2015-03-17 13:58:31,2015-03-17 13:59:21,1,32,40,32,15,32,1,32,0,50,-1,1
"310",2015-03-17 12:00:01,2015-03-17 14:00:01,2015-03-17 14:00:53,6,32,80,32,15,32,1,32,0,50,-1,1
"311",2015-03-17 12:01:31,2015-03-17 14:01:31,2015-03-17 14:02:20,7,32,240,32,15,32,1,32,0,50,-1,1
"312",2015-03-17 12:03:01,2015-03-17 14:03:01,2015-03-17 14:03:48,0,32,40,40,15,38,1,40,0,50,-1,1
"313",2015-03-17 12:04:31,2015-03-17 14:04:31,2015-03-17 14:05:20,4,32,120,32,15,32,1,32,0,50,-1,1
"314",2015-03-17 12:06:01,2015-03-17 14:06:01,2015-03-17 14:06:49,0,32,0,40,15,38,1,40,0,50,-1,1
"315",2015-03-17 12:07:31,2015-03-17 14:07:31,2015-03-17 14:08:21,5,32,200,32,16,32,1,32,0,50,-1,1
"316",2015-03-17 12:09:01,2015-03-17 14:09:01,2015-03-17 14:09:54,5,32,360,32,15,32,1,32,0,50,-1,1
"317",2015-03-17 12:10:31,2015-03-17 14:10:31,2015-03-17 14:11:20,1,32,160,32,15,32,1,32,0,50,-1,1
"318",2015-03-17 12:12:01,2015-03-17 14:12:01,2015-03-17 14:12:47,3,32,120,32,15,32,1,32,0,50,-1,1
"319",2015-03-17 12:13:31,2015-03-17 14:13:31,2015-03-17 14:14:24,0,32,0,40,15,38,1,40,0,50,-1,1
"320",2015-03-17 12:15:01,2015-03-17 14:15:01,2015-03-17 14:15:47,5,32,200,32,13,32,1,32,0,50,-1,1
"321",2015-03-17 12:16:31,2015-03-17 14:16:31,2015-03-17 14:17:21,6,32,200,32,15,32,1,32,0,50,-1,1
"322",2015-03-17 12:18:01,2015-03-17 14:18:01,2015-03-17 14:18:48,11,32,160,32,7,32,1,32,0,50,-1,1
"323",2015-03-17 12:19:31,2015-03-17 14:19:31,2015-03-17 14:20:18,3,32,40,32,15,32,1,32,0,50,-1,1
"324",2015-03-17 12:21:01,2015-03-17 14:21:01,2015-03-17 14:21:50,0,32,0,40,15,38,1,40,0,50,-1,1
"325",2015-03-17 12:22:31,2015-03-17 14:22:31,2015-03-17 14:23:20,2,32,80,32,15,32,1,32,0,50,-1,1
"326",2015-03-17 12:24:01,2015-03-17 14:24:01,2015-03-17 14:24:54,2,32,40,32,15,32,1,32,0,50,-1,1
"327",2015-03-17 12:25:31,2015-03-17 14:25:31,2015-03-17 14:26:20,5,32,80,32,15,32,1,32,0,50,-1,1
"328",2015-03-17 12:27:01,2015-03-17 14:27:01,2015-03-17 14:27:50,5,32,40,32,15,32,1,32,0,50,-1,1
"329",2015-03-17 12:28:31,2015-03-17 14:28:31,2015-03-17 14:29:21,10,32,160,32,7,32,1,32,0,50,-1,1
"330",2015-03-17 12:30:01,2015-03-17 14:30:01,2015-03-17 14:30:53,8,32,40,32,3,32,1,32,0,50,-1,1
"331",2015-03-17 12:31:31,2015-03-17 14:31:31,2015-03-17 14:32:23,7,32,80,32,11,32,1,32,0,50,-1,1
"332",2015-03-17 12:33:01,2015-03-17 14:33:01,2015-03-17 14:33:50,9,32,80,32,6,32,1,32,0,50,-1,1
"333",2015-03-17 12:34:31,2015-03-17 14:34:31,2015-03-17 14:35:21,6,32,80,32,14,32,1,32,0,50,-1,1
"334",2015-03-17 12:36:01,2015-03-17 14:36:01,2015-03-17 14:36:47,4,32,40,32,15,32,1,32,0,50,-1,1
"335",2015-03-17 12:37:31,2015-03-17 14:37:31,2015-03-17 14:38:18,3,32,40,32,15,32,1,32,0,50,-1,1
"336",2015-03-17 12:39:01,2015-03-17 14:39:01,2015-03-17 14:39:50,8,32,120,32,7,32,1,32,0,50,-1,1
"337",2015-03-17 12:40:31,2015-03-17 14:40:31,2015-03-17 14:41:23,5,32,80,32,15,32,1,32,0,50,-1,1
"338",2015-03-17 12:42:01,2015-03-17 14:42:01,2015-03-17 14:42:54,8,32,80,32,7,32,1,32,0,50,-1,1
"339",2015-03-17 12:43:31,2015-03-17 14:43:31,2015-03-17 14:44:17,8,32,80,32,7,32,1,32,0,50,-1,1
"340",2015-03-17 12:45:01,2015-03-17 14:45:01,2015-03-17 14:45:57,0,32,0,40,15,38,1,40,0,50,-1,1
"341",2015-03-17 12:46:31,2015-03-17 14:46:31,2015-03-17 14:47:24,4,32,120,32,15,32,1,32,0,50,-1,1
"342",2015-03-17 12:48:01,2015-03-17 14:48:01,2015-03-17 14:48:50,9,32,240,32,11,32,1,32,0,50,-1,1
"343",2015-03-17 12:49:31,2015-03-17 14:49:31,2015-03-17 14:50:24,10,32,80,32,5,32,1,32,0,50,-1,1
"344",2015-03-17 12:51:01,2015-03-17 14:51:01,2015-03-17 14:51:53,1,32,40,32,13,32,1,32,0,50,-1,1
"345",2015-03-17 12:52:31,2015-03-17 14:52:31,2015-03-17 14:53:18,0,32,0,40,15,38,1,40,0,50,-1,1
"346",2015-03-17 12:54:01,2015-03-17 14:54:01,2015-03-17 14:54:54,0,32,40,32,15,38,1,38,0,50,-1,1
"347",2015-03-17 12:55:31,2015-03-17 14:55:31,2015-03-17 14:56:17,5,32,80,32,7,32,1,32,0,50,-1,1
"348",2015-03-17 12:57:01,2015-03-17 14:57:01,2015-03-17 14:57:48,5,32,120,32,15,32,1,32,0,50,-1,1
"349",2015-03-17 12:58:31,2015-03-17 14:58:31,2015-03-17 14:59:23,10,32,80,32,7,32,1,32,0,50,-1,1
"350",2015-03-17 13:00:01,2015-03-17 15:00:01,2015-03-17 15:00:55,7,32,120,32,15,32,1,32,0,50,-1,1
"351",2015-03-17 13:01:31,2015-03-17 15:01:31,2015-03-17 15:02:26,3,32,40,32,15,32,1,32,0,50,-1,1
"352",2015-03-17 13:03:01,2015-03-17 15:03:01,2015-03-17 15:03:50,0,32,0,40,15,38,1,40,0,50,-1,1
"353",2015-03-17 13:04:31,2015-03-17 15:04:31,2015-03-17 15:05:21,5,32,160,32,8,32,1,32,0,50,-1,1
"354",2015-03-17 13:06:01,2015-03-17 15:06:01,2015-03-17 15:06:53,10,32,120,32,3,32,1,32,0,50,-1,1
"355",2015-03-17 13:07:31,2015-03-17 15:07:31,2015-03-17 15:08:24,5,32,40,32,11,32,1,32,0,50,-1,1
"356",2015-03-17 13:09:01,2015-03-17 15:09:01,2015-03-17 15:09:54,10,32,200,32,6,32,1,32,0,50,-1,1
"357",2015-03-17 13:10:31,2015-03-17 15:10:31,2015-03-17 15:11:18,6,32,120,32,14,32,1,32,0,50,-1,1
"358",2015-03-17 13:12:01,2015-03-17 15:12:01,2015-03-17 15:12:51,3,32,80,32,15,32,1,32,0,50,-1,1
"359",2015-03-17 13:13:31,2015-03-17 15:13:31,2015-03-17 15:14:19,8,32,40,32,7,32,1,32,0,50,-1,1
"360",2015-03-17 13:15:01,2015-03-17 15:15:01,2015-03-17 15:15:50,1,32,40,32,15,32,1,32,0,50,-1,1
"361",2015-03-17 13:16:31,2015-03-17 15:16:31,2015-03-17 15:17:19,0,32,0,40,15,38,1,40,0,50,-1,1
"362",2015-03-17 13:18:01,2015-03-17 15:18:01,2015-03-17 15:18:50,2,32,80,32,15,32,1,32,0,50,-1,1
"363",2015-03-17 13:19:31,2015-03-17 15:19:31,2015-03-17 15:20:20,7,32,80,32,7,32,1,32,0,50,-1,1
"364",2015-03-17 13:21:01,2015-03-17 15:21:01,2015-03-17 15:21:50,12,32,120,32,7,32,1,32,0,50,-1,1
"365",2015-03-17 13:22:31,2015-03-17 15:22:31,2015-03-17 15:23:21,1,32,80,32,15,32,1,32,0,50,-1,1
"366",2015-03-17 13:24:01,2015-03-17 15:24:01,2015-03-17 15:24:51,1,32,80,32,15,32,1,32,0,50,-1,1
"367",2015-03-17 13:25:31,2015-03-17 15:25:31,2015-03-17 15:26:17,0,32,0,40,15,38,1,40,0,50,-1,1
"368",2015-03-17 13:27:01,2015-03-17 15:27:01,2015-03-17 15:27:48,4,32,40,32,15,32,1,32,0,50,-1,1
"369",2015-03-17 13:28:31,2015-03-17 15:28:31,2015-03-17 15:29:21,3,32,40,32,15,32,1,32,0,50,-1,1
"370",2015-03-17 13:30:01,2015-03-17 15:30:01,2015-03-17 15:30:51,0,32,0,40,15,38,1,40,0,50,-1,1
"371",2015-03-17 13:31:31,2015-03-17 15:31:31,2015-03-17 15:32:21,2,32,40,32,15,32,1,32,0,50,-1,1
"372",2015-03-17 13:33:01,2015-03-17 15:33:01,2015-03-17 15:33:50,7,32,120,32,7,32,1,32,0,50,-1,1
"373",2015-03-17 13:34:31,2015-03-17 15:34:31,2015-03-17 15:35:21,4,32,120,32,15,32,1,32,0,50,-1,1
"374",2015-03-17 13:36:01,2015-03-17 15:36:01,2015-03-17 15:36:51,0,32,0,40,15,38,1,40,0,50,-1,1
"375",2015-03-17 13:37:31,2015-03-17 15:37:31,2015-03-17 15:38:16,2,32,40,32,15,32,1,32,0,50,-1,1
"376",2015-03-17 13:39:01,2015-03-17 15:39:01,2015-03-17 15:39:54,0,32,0,40,15,38,1,40,0,50,-1,1
"377",2015-03-17 13:40:31,2015-03-17 15:40:31,2015-03-17 15:41:24,5,32,200,32,20,32,1,32,0,50,-1,1
"378",2015-03-17 13:42:01,2015-03-17 15:42:01,2015-03-17 15:42:48,1,32,40,32,15,32,1,32,0,50,-1,1
"379",2015-03-17 13:43:31,2015-03-17 15:43:31,2015-03-17 15:44:17,6,32,40,32,7,32,1,32,0,50,-1,1
"380",2015-03-17 13:45:01,2015-03-17 15:45:01,2015-03-17 15:45:48,3,32,40,32,15,32,1,32,0,50,-1,1
"381",2015-03-17 13:46:31,2015-03-17 15:46:31,2015-03-17 15:47:17,3,32,120,32,15,32,1,32,0,50,-1,1
"382",2015-03-17 13:48:01,2015-03-17 15:48:01,2015-03-17 15:48:48,1,32,40,32,15,32,1,32,0,50,-1,1
"383",2015-03-17 13:49:31,2015-03-17 15:49:31,2015-03-17 15:50:18,1,32,40,32,15,32,1,32,0,50,-1,1
"384",2015-03-17 13:51:01,2015-03-17 15:51:01,2015-03-17 15:51:48,0,32,0,40,15,38,1,40,0,50,-1,1
"385",2015-03-17 13:52:31,2015-03-17 15:52:31,2015-03-17 15:53:21,2,32,40,32,15,32,1,32,0,50,-1,1
"386",2015-03-17 13:54:01,2015-03-17 15:54:01,2015-03-17 15:54:47,7,32,40,32,7,32,1,32,0,50,-1,1
"387",2015-03-17 13:55:31,2015-03-17 15:55:31,2015-03-17 15:56:24,2,32,40,32,15,32,1,32,0,50,-1,1
"388",2015-03-17 13:57:01,2015-03-17 15:57:01,2015-03-17 15:57:50,0,32,0,40,15,38,1,40,0,50,-1,1
"389",2015-03-17 13:58:31,2015-03-17 15:58:31,2015-03-17 15:59:21,5,32,40,32,7,32,1,32,0,50,-1,1
"390",2015-03-17 14:00:01,2015-03-17 16:00:01,2015-03-17 16:00:51,10,32,80,32,1,32,1,32,0,50,-1,1
"391",2015-03-17 14:01:31,2015-03-17 16:01:31,2015-03-17 16:02:17,2,32,40,32,9,32,1,32,0,50,-1,1
"392",2015-03-17 14:03:01,2015-03-17 16:03:01,2015-03-17 16:03:49,0,32,0,40,15,38,1,40,0,50,-1,1
"393",2015-03-17 14:04:31,2015-03-17 16:04:31,2015-03-17 16:05:25,0,32,0,40,15,38,1,40,0,50,-1,1
"394",2015-03-17 14:06:01,2015-03-17 16:06:01,2015-03-17 16:06:51,0,32,0,40,15,38,1,40,0,50,-1,1
"395",2015-03-17 14:07:31,2015-03-17 16:07:31,2015-03-17 16:08:21,0,32,0,40,15,38,1,40,0,50,-1,1
"396",2015-03-17 14:09:01,2015-03-17 16:09:01,2015-03-17 16:09:59,0,32,0,40,15,38,1,40,0,50,-1,1
"397",2015-03-17 14:10:31,2015-03-17 16:10:31,2015-03-17 16:11:19,2,32,40,32,15,32,1,32,0,50,-1,1
"398",2015-03-17 14:12:01,2015-03-17 16:12:01,2015-03-17 16:12:55,0,32,0,40,15,38,1,40,0,50,-1,1
"399",2015-03-17 14:13:31,2015-03-17 16:13:31,2015-03-17 16:14:22,5,32,120,32,8,32,1,32,0,50,-1,1
"400",2015-03-17 14:15:01,2015-03-17 16:15:01,2015-03-17 16:15:47,4,32,80,32,15,32,1,32,0,50,-1,1
"401",2015-03-17 14:16:31,2015-03-17 16:16:31,2015-03-17 16:17:17,2,32,40,32,15,32,1,32,0,50,-1,1
"402",2015-03-17 14:18:01,2015-03-17 16:18:01,2015-03-17 16:18:55,0,32,0,40,15,38,1,40,0,50,-1,1
"403",2015-03-17 14:19:31,2015-03-17 16:19:31,2015-03-17 16:20:24,0,32,0,40,15,38,1,40,0,50,-1,1
"404",2015-03-17 14:21:01,2015-03-17 16:21:01,2015-03-17 16:21:51,0,32,40,32,15,38,1,38,0,50,-1,1
"405",2015-03-17 14:22:31,2015-03-17 16:22:31,2015-03-17 16:23:23,3,32,80,32,15,32,1,32,0,50,-1,1
"406",2015-03-17 14:24:01,2015-03-17 16:24:01,2015-03-17 16:24:50,1,32,40,32,15,32,1,32,0,50,-1,1
"407",2015-03-17 14:25:31,2015-03-17 16:25:31,2015-03-17 16:26:32,2,32,40,32,15,32,1,32,0,50,-1,1
"408",2015-03-17 14:27:01,2015-03-17 16:27:01,2015-03-17 16:27:50,7,32,40,32,7,32,1,32,0,50,-1,1
"409",2015-03-17 14:28:31,2015-03-17 16:28:31,2015-03-17 16:29:25,0,32,0,40,15,38,1,40,0,50,-1,1
"410",2015-03-17 14:30:01,2015-03-17 16:30:01,2015-03-17 16:30:53,4,32,80,32,15,32,1,32,0,50,-1,1
"411",2015-03-17 14:31:31,2015-03-17 16:31:31,2015-03-17 16:32:21,2,32,40,32,15,32,1,32,0,50,-1,1
"412",2015-03-17 14:33:01,2015-03-17 16:33:01,2015-03-17 16:33:50,2,32,40,32,15,32,1,32,0,50,-1,1
"413",2015-03-17 14:34:31,2015-03-17 16:34:31,2015-03-17 16:35:20,3,32,40,32,15,32,1,32,0,50,-1,1
"414",2015-03-17 14:36:01,2015-03-17 16:36:01,2015-03-17 16:36:54,0,32,0,40,15,38,1,40,0,50,-1,1
"415",2015-03-17 14:37:31,2015-03-17 16:37:31,2015-03-17 16:38:22,2,32,120,32,15,32,1,32,0,50,-1,1
"416",2015-03-17 14:39:01,2015-03-17 16:39:01,2015-03-17 16:39:50,0,32,0,40,15,38,1,40,0,50,-1,1
"417",2015-03-17 14:40:31,2015-03-17 16:40:31,2015-03-17 16:41:21,5,32,40,32,7,32,1,32,0,50,-1,1
"418",2015-03-17 14:42:01,2015-03-17 16:42:01,2015-03-17 16:42:51,0,32,0,40,15,38,1,40,0,50,-1,1
"419",2015-03-17 14:43:31,2015-03-17 16:43:31,2015-03-17 16:44:21,3,32,80,32,15,32,1,32,0,50,-1,1
"420",2015-03-17 14:45:01,2015-03-17 16:45:01,2015-03-17 16:45:47,0,32,0,40,15,38,1,40,0,50,-1,1
"421",2015-03-17 14:46:31,2015-03-17 16:46:31,2015-03-17 16:47:21,0,32,0,40,15,38,1,40,0,50,-1,1
"422",2015-03-17 14:48:01,2015-03-17 16:48:01,2015-03-17 16:48:51,0,32,0,40,15,38,1,40,0,50,-1,1
"423",2015-03-17 14:49:31,2015-03-17 16:49:31,2015-03-17 16:50:24,4,32,80,32,15,32,1,32,0,50,-1,1
"424",2015-03-17 14:51:01,2015-03-17 16:51:01,2015-03-17 16:51:51,0,32,0,40,15,38,1,40,0,50,-1,1
"425",2015-03-17 14:52:31,2015-03-17 16:52:31,2015-03-17 16:53:21,2,32,80,32,15,32,1,32,0,50,-1,1
"426",2015-03-17 14:54:01,2015-03-17 16:54:01,2015-03-17 16:54:50,7,32,40,32,7,32,1,32,0,50,-1,1
"427",2015-03-17 14:55:31,2015-03-17 16:55:31,2015-03-17 16:56:20,12,32,120,32,2,32,1,32,0,50,-1,1
"428",2015-03-17 14:57:01,2015-03-17 16:57:01,2015-03-17 16:57:16,2,32,40,32,10,32,1,32,0,50,-1,1
"429",2015-03-17 14:58:31,2015-03-17 16:58:31,2015-03-17 16:59:18,1,32,120,32,15,32,1,32,0,50,-1,1
"430",2015-03-17 15:00:01,2015-03-17 17:00:01,2015-03-17 17:00:52,6,32,40,32,7,32,1,32,0,50,-1,1
"431",2015-03-17 15:01:31,2015-03-17 17:01:31,2015-03-17 17:02:18,9,32,80,32,6,32,1,32,0,50,-1,1
"432",2015-03-17 15:03:01,2015-03-17 17:03:01,2015-03-17 17:03:54,2,32,120,32,14,32,1,32,0,50,-1,1
"433",2015-03-17 15:04:31,2015-03-17 17:04:31,2015-03-17 17:05:26,0,32,0,40,15,38,1,40,0,50,-1,1
"434",2015-03-17 15:06:01,2015-03-17 17:06:01,2015-03-17 17:06:51,5,32,160,32,15,32,1,32,0,50,-1,1
"435",2015-03-17 15:07:31,2015-03-17 17:07:31,2015-03-17 17:08:17,2,32,40,32,15,32,1,32,0,50,-1,1
"436",2015-03-17 15:09:01,2015-03-17 17:09:01,2015-03-17 17:09:47,1,32,80,32,15,32,1,32,0,50,-1,1
"437",2015-03-17 15:10:31,2015-03-17 17:10:31,2015-03-17 17:11:21,6,32,160,32,15,32,1,32,0,50,-1,1
"438",2015-03-17 15:12:01,2015-03-17 17:12:01,2015-03-17 17:12:51,11,32,80,32,7,32,1,32,0,50,-1,1
"439",2015-03-17 15:13:31,2015-03-17 17:13:31,2015-03-17 17:14:21,5,32,40,32,15,32,1,32,0,50,-1,1
"440",2015-03-17 15:15:01,2015-03-17 17:15:01,2015-03-17 17:15:50,0,32,0,40,15,38,1,40,0,50,-1,1
"441",2015-03-17 15:16:31,2015-03-17 17:16:31,2015-03-17 17:17:21,4,32,80,32,15,32,1,32,0,50,-1,1
"442",2015-03-17 15:18:01,2015-03-17 17:18:01,2015-03-17 17:18:47,9,32,80,32,7,32,1,32,0,50,-1,1
"443",2015-03-17 15:19:31,2015-03-17 17:19:31,2015-03-17 17:20:20,0,32,0,40,15,38,1,40,0,50,-1,1
"444",2015-03-17 15:21:01,2015-03-17 17:21:01,2015-03-17 17:21:52,5,32,80,32,7,32,1,32,0,50,-1,1
"445",2015-03-17 15:22:31,2015-03-17 17:22:31,2015-03-17 17:23:21,3,32,40,32,15,32,1,32,0,50,-1,1
"446",2015-03-17 15:24:01,2015-03-17 17:24:01,2015-03-17 17:24:51,0,32,0,40,15,38,1,40,0,50,-1,1
"447",2015-03-17 15:25:31,2015-03-17 17:25:31,2015-03-17 17:26:21,0,32,0,40,15,38,1,40,0,50,-1,1
"448",2015-03-17 15:27:01,2015-03-17 17:27:01,2015-03-17 17:27:47,0,32,0,40,15,38,1,40,0,50,-1,1
"449",2015-03-17 15:28:31,2015-03-17 17:28:31,2015-03-17 17:29:22,2,32,40,32,15,32,1,32,0,50,-1,1
"450",2015-03-17 15:30:01,2015-03-17 17:30:01,2015-03-17 17:30:53,3,32,80,32,15,32,1,32,0,50,-1,1
"451",2015-03-17 15:31:31,2015-03-17 17:31:31,2015-03-17 17:32:21,4,32,120,32,15,32,1,32,0,50,-1,1
"452",2015-03-17 15:33:01,2015-03-17 17:33:01,2015-03-17 17:33:59,9,32,40,32,7,32,1,32,0,50,-1,1
"453",2015-03-17 15:34:31,2015-03-17 17:34:31,2015-03-17 17:35:25,14,32,40,32,1,32,1,32,0,50,-1,1
"454",2015-03-17 15:36:01,2015-03-17 17:36:01,2015-03-17 17:36:48,0,32,0,40,9,38,1,40,0,50,-1,1
"455",2015-03-17 15:37:31,2015-03-17 17:37:31,2015-03-17 17:38:18,5,32,40,32,15,32,1,32,0,50,-1,1
"456",2015-03-17 15:39:01,2015-03-17 17:39:01,2015-03-17 17:39:50,6,32,120,32,15,32,1,32,0,50,-1,1
"457",2015-03-17 15:40:31,2015-03-17 17:40:31,2015-03-17 17:41:19,11,32,40,32,7,32,1,32,0,50,-1,1
"458",2015-03-17 15:42:01,2015-03-17 17:42:01,2015-03-17 17:42:50,2,32,80,32,15,32,1,32,0,50,-1,1
"459",2015-03-17 15:43:31,2015-03-17 17:43:31,2015-03-17 17:44:24,2,32,40,32,15,32,1,32,0,50,-1,1
"460",2015-03-17 15:45:01,2015-03-17 17:45:01,2015-03-17 17:45:53,2,32,40,32,15,32,1,32,0,50,-1,1
"461",2015-03-17 15:46:31,2015-03-17 17:46:31,2015-03-17 17:47:22,0,32,40,32,15,38,1,38,0,50,-1,1
"462",2015-03-17 15:48:01,2015-03-17 17:48:01,2015-03-17 17:48:50,1,32,80,32,15,32,1,32,0,50,-1,1
"463",2015-03-17 15:49:31,2015-03-17 17:49:31,2015-03-17 17:50:27,5,32,40,32,15,32,1,32,0,50,-1,1
"464",2015-03-17 15:51:01,2015-03-17 17:51:01,2015-03-17 17:51:51,0,32,0,40,15,38,1,40,0,50,-1,1
"465",2015-03-17 15:52:31,2015-03-17 17:52:31,2015-03-17 17:53:20,0,32,0,40,15,38,1,40,0,50,-1,1
"466",2015-03-17 15:54:01,2015-03-17 17:54:01,2015-03-17 17:54:51,2,32,40,32,15,32,1,32,0,50,-1,1
"467",2015-03-17 15:55:31,2015-03-17 17:55:31,2015-03-17 17:56:18,1,32,40,32,15,32,1,32,0,50,-1,1
"468",2015-03-17 15:57:01,2015-03-17 17:57:01,2015-03-17 17:57:55,1,32,40,32,15,32,1,32,0,50,-1,1
"469",2015-03-17 15:58:31,2015-03-17 17:58:31,2015-03-17 17:59:22,6,32,120,32,10,32,1,32,0,50,-1,1
"470",2015-03-17 16:00:01,2015-03-17 18:00:01,2015-03-17 18:00:51,0,32,0,40,15,38,1,40,0,50,-1,1
"471",2015-03-17 16:01:31,2015-03-17 18:01:31,2015-03-17 18:02:23,1,32,40,32,15,32,1,32,0,50,-1,1
"472",2015-03-17 16:03:01,2015-03-17 18:03:01,2015-03-17 18:03:52,0,32,0,40,15,38,1,40,0,50,-1,1
"473",2015-03-17 16:04:31,2015-03-17 18:04:31,2015-03-17 18:05:17,3,32,120,32,15,32,1,32,0,50,-1,1
"474",2015-03-17 16:06:01,2015-03-17 18:06:01,2015-03-17 18:06:51,3,32,40,32,15,32,1,32,0,50,-1,1
"475",2015-03-17 16:07:31,2015-03-17 18:07:31,2015-03-17 18:08:18,5,32,80,32,15,32,1,32,0,50,-1,1
"476",2015-03-17 16:09:01,2015-03-17 18:09:01,2015-03-17 18:09:54,2,32,80,32,15,32,1,32,0,50,-1,1
"477",2015-03-17 16:10:31,2015-03-17 18:10:31,2015-03-17 18:11:19,6,32,120,32,15,32,1,32,0,50,-1,1
"478",2015-03-17 16:12:01,2015-03-17 18:12:01,2015-03-17 18:12:51,1,32,80,32,15,32,1,32,0,50,-1,1
"479",2015-03-17 16:13:31,2015-03-17 18:13:31,2015-03-17 18:14:21,5,32,80,32,15,32,1,32,0,50,-1,1
"480",2015-03-17 16:15:01,2015-03-17 18:15:01,2015-03-17 18:15:53,1,32,80,32,15,32,1,32,0,50,-1,1
"481",2015-03-17 16:16:31,2015-03-17 18:16:31,2015-03-17 18:17:21,6,32,160,32,9,32,1,32,0,50,-1,1
"482",2015-03-17 16:18:01,2015-03-17 18:18:01,2015-03-17 18:18:54,0,32,0,40,15,38,1,40,0,50,-1,1
"483",2015-03-17 16:19:31,2015-03-17 18:19:31,2015-03-17 18:20:24,0,32,0,40,15,38,1,40,0,50,-1,1
"484",2015-03-17 16:21:01,2015-03-17 18:21:01,2015-03-17 18:21:54,3,32,120,32,15,32,1,32,0,50,-1,1
"485",2015-03-17 16:22:31,2015-03-17 18:22:31,2015-03-17 18:23:20,0,32,0,40,15,38,1,40,0,50,-1,1
"486",2015-03-17 16:24:01,2015-03-17 18:24:01,2015-03-17 18:24:51,5,32,80,32,7,32,1,32,0,50,-1,1
"487",2015-03-17 16:25:31,2015-03-17 18:25:31,2015-03-17 18:26:21,10,32,40,32,1,32,1,32,0,50,-1,1
"488",2015-03-17 16:27:01,2015-03-17 18:27:01,2015-03-17 18:27:48,11,32,120,32,7,32,1,32,0,50,-1,1
"489",2015-03-17 16:28:31,2015-03-17 18:28:31,2015-03-17 18:29:20,2,32,40,32,15,32,1,32,0,50,-1,1
"490",2015-03-17 16:30:01,2015-03-17 18:30:01,2015-03-17 18:30:51,0,32,0,40,15,38,1,40,0,50,-1,1
"491",2015-03-17 16:31:31,2015-03-17 18:31:31,2015-03-17 18:32:24,5,32,120,32,7,32,1,32,0,50,-1,1
"492",2015-03-17 16:33:01,2015-03-17 18:33:01,2015-03-17 18:33:54,10,32,80,32,3,32,1,32,0,50,-1,1
"493",2015-03-17 16:34:31,2015-03-17 18:34:31,2015-03-17 18:35:17,15,32,120,32,2,32,1,32,0,50,-1,1
"494",2015-03-17 16:36:01,2015-03-17 18:36:01,2015-03-17 18:36:54,20,32,80,32,1,32,1,32,0,50,-1,1
"495",2015-03-17 16:37:31,2015-03-17 18:37:31,2015-03-17 18:38:21,0,32,0,40,9,38,1,40,0,50,-1,1
"496",2015-03-17 16:39:01,2015-03-17 18:39:01,2015-03-17 18:39:54,0,32,0,40,15,38,1,40,0,50,-1,1
"497",2015-03-17 16:40:31,2015-03-17 18:40:31,2015-03-17 18:41:18,5,32,80,32,15,32,1,32,0,50,-1,1
"498",2015-03-17 16:42:01,2015-03-17 18:42:01,2015-03-17 18:42:51,0,32,0,40,15,38,1,40,0,50,-1,1
"499",2015-03-17 16:43:31,2015-03-17 18:43:31,2015-03-17 18:44:17,1,32,40,32,15,32,1,32,0,50,-1,1
"500",2015-03-17 16:45:01,2015-03-17 18:45:01,2015-03-17 18:45:48,0,32,0,40,15,38,1,40,0,50,-1,1
"501",2015-03-17 16:46:31,2015-03-17 18:46:31,2015-03-17 18:47:20,5,32,200,32,15,32,1,32,0,50,-1,1
"502",2015-03-17 16:48:01,2015-03-17 18:48:01,2015-03-17 18:48:51,10,32,40,32,7,32,1,32,0,50,-1,1
"503",2015-03-17 16:49:31,2015-03-17 18:49:31,2015-03-17 18:50:21,0,32,0,40,15,38,1,40,0,50,-1,1
"504",2015-03-17 16:51:01,2015-03-17 18:51:01,2015-03-17 18:51:54,2,32,80,32,16,32,1,32,0,50,-1,1
"505",2015-03-17 16:52:31,2015-03-17 18:52:31,2015-03-17 18:53:21,1,32,40,32,16,32,1,32,0,50,-1,1
"506",2015-03-17 16:54:01,2015-03-17 18:54:01,2015-03-17 18:54:54,1,32,40,32,16,32,1,32,0,50,-1,1
"507",2015-03-17 16:55:31,2015-03-17 18:55:31,2015-03-17 18:56:18,0,32,0,40,16,38,1,40,0,50,-1,1
"508",2015-03-17 16:57:01,2015-03-17 18:57:01,2015-03-17 18:58:09,0,32,0,40,16,38,1,40,0,50,-1,1
"509",2015-03-17 16:58:31,2015-03-17 18:58:31,2015-03-17 18:59:18,1,32,40,32,16,32,1,32,0,50,-1,1
"510",2015-03-17 17:00:01,2015-03-17 19:00:01,2015-03-17 19:00:53,1,32,40,32,16,32,1,32,0,50,-1,1
"511",2015-03-17 17:01:31,2015-03-17 19:01:31,2015-03-17 19:02:21,6,32,80,32,16,32,1,32,0,50,-1,1
"512",2015-03-17 17:03:01,2015-03-17 19:03:01,2015-03-17 19:03:51,0,32,0,40,16,38,1,40,0,50,-1,1
"513",2015-03-17 17:04:31,2015-03-17 19:04:31,2015-03-17 19:05:18,2,32,40,32,16,32,1,32,0,50,-1,1
"514",2015-03-17 17:06:01,2015-03-17 19:06:01,2015-03-17 19:06:54,1,32,40,32,16,32,1,32,0,50,-1,1
"515",2015-03-17 17:07:31,2015-03-17 19:07:31,2015-03-17 19:08:20,0,32,0,40,16,38,1,40,0,50,-1,1
"516",2015-03-17 17:09:01,2015-03-17 19:09:01,2015-03-17 19:09:51,1,32,40,32,16,32,1,32,0,50,-1,1
"517",2015-03-17 17:10:31,2015-03-17 19:10:31,2015-03-17 19:11:25,0,32,0,40,16,38,1,40,0,50,-1,1
"518",2015-03-17 17:12:01,2015-03-17 19:12:01,2015-03-17 19:12:53,0,32,0,40,16,38,1,40,0,50,-1,1
"519",2015-03-17 17:13:31,2015-03-17 19:13:31,2015-03-17 19:14:25,0,32,0,40,16,38,1,40,0,50,-1,1
"520",2015-03-17 17:15:01,2015-03-17 19:15:01,2015-03-17 19:15:47,5,32,120,32,8,32,1,32,0,50,-1,1
"521",2015-03-17 17:16:31,2015-03-17 19:16:31,2015-03-17 19:17:27,0,32,0,40,16,38,1,40,0,50,-1,1
"522",2015-03-17 17:18:01,2015-03-17 19:18:01,2015-03-17 19:18:54,1,32,40,32,16,32,1,32,0,50,-1,1
"523",2015-03-17 17:19:31,2015-03-17 19:19:31,2015-03-17 19:20:21,2,32,40,32,16,32,1,32,0,50,-1,1
"524",2015-03-17 17:21:01,2015-03-17 19:21:01,2015-03-17 19:21:50,0,32,0,40,16,38,1,40,0,50,-1,1
"525",2015-03-17 17:22:31,2015-03-17 19:22:31,2015-03-17 19:23:20,0,32,0,40,16,38,1,40,0,50,-1,1
"526",2015-03-17 17:24:01,2015-03-17 19:24:01,2015-03-17 19:24:53,0,32,40,32,16,38,1,38,0,50,-1,1
"527",2015-03-17 17:25:31,2015-03-17 19:25:31,2015-03-17 19:26:24,1,32,40,32,16,32,1,32,0,50,-1,1
"528",2015-03-17 17:27:01,2015-03-17 19:27:01,2015-03-17 19:27:50,6,32,40,32,8,32,1,32,0,50,-1,1
"529",2015-03-17 17:28:31,2015-03-17 19:28:31,2015-03-17 19:29:24,0,32,0,40,16,38,1,40,0,50,-1,1
"530",2015-03-17 17:30:01,2015-03-17 19:30:01,2015-03-17 19:30:51,1,32,40,32,16,32,1,32,0,50,-1,1
"531",2015-03-17 17:31:31,2015-03-17 19:31:31,2015-03-17 19:32:20,0,32,0,40,16,38,1,40,0,50,-1,1
"532",2015-03-17 17:33:01,2015-03-17 19:33:01,2015-03-17 19:33:50,0,32,0,40,16,38,1,40,0,50,-1,1
"533",2015-03-17 17:34:31,2015-03-17 19:34:31,2015-03-17 19:35:17,0,32,0,40,16,38,1,40,0,50,-1,1
"534",2015-03-17 17:36:01,2015-03-17 19:36:01,2015-03-17 19:36:52,0,32,0,40,16,38,1,40,0,50,-1,1
"535",2015-03-17 17:37:31,2015-03-17 19:37:31,2015-03-17 19:38:21,0,32,0,40,16,38,1,40,0,50,-1,1
"536",2015-03-17 17:39:01,2015-03-17 19:39:01,2015-03-17 19:39:51,0,32,0,40,16,38,1,40,0,50,-1,1
"537",2015-03-17 17:40:31,2015-03-17 19:40:31,2015-03-17 19:41:21,0,32,0,40,16,38,1,40,0,50,-1,1
"538",2015-03-17 17:42:01,2015-03-17 19:42:01,2015-03-17 19:42:50,1,32,40,32,16,32,1,32,0,50,-1,1
"539",2015-03-17 17:43:31,2015-03-17 19:43:31,2015-03-17 19:44:20,0,32,0,40,16,38,1,40,0,50,-1,1
"540",2015-03-17 17:45:01,2015-03-17 19:45:01,2015-03-17 19:45:51,0,32,0,40,16,38,1,40,0,50,-1,1
"541",2015-03-17 17:46:31,2015-03-17 19:46:31,2015-03-17 19:47:18,0,32,0,40,16,38,1,40,0,50,-1,1
"542",2015-03-17 17:48:01,2015-03-17 19:48:01,2015-03-17 19:48:47,0,32,0,40,16,38,1,40,0,50,-1,1
"543",2015-03-17 17:49:31,2015-03-17 19:49:31,2015-03-17 19:50:18,0,32,0,40,16,38,1,40,0,50,-1,1
"544",2015-03-17 17:51:01,2015-03-17 19:51:01,2015-03-17 19:51:48,2,32,40,32,16,32,1,32,0,50,-1,1
"545",2015-03-17 17:52:31,2015-03-17 19:52:31,2015-03-17 19:53:27,1,32,40,32,16,32,1,32,0,50,-1,1
"546",2015-03-17 17:54:01,2015-03-17 19:54:01,2015-03-17 19:54:52,0,32,40,32,16,38,1,38,0,50,-1,1
"547",2015-03-17 17:55:31,2015-03-17 19:55:31,2015-03-17 19:56:23,1,32,40,32,16,32,1,32,0,50,-1,1
"548",2015-03-17 17:57:01,2015-03-17 19:57:01,2015-03-17 19:57:48,6,32,40,32,8,32,1,32,0,50,-1,1
"549",2015-03-17 17:58:31,2015-03-17 19:58:31,2015-03-17 19:59:20,0,32,0,40,16,38,1,40,0,50,-1,1
"550",2015-03-17 18:00:01,2015-03-17 20:00:01,2015-03-17 20:00:51,1,32,40,32,16,32,1,32,0,50,-1,1
"551",2015-03-17 18:01:31,2015-03-17 20:01:31,2015-03-17 20:02:17,1,32,40,32,16,32,1,32,0,50,-1,1
"552",2015-03-17 18:03:01,2015-03-17 20:03:01,2015-03-17 20:03:48,0,32,0,40,16,38,1,40,0,50,-1,1
"553",2015-03-17 18:04:31,2015-03-17 20:04:31,2015-03-17 20:05:24,2,32,80,32,16,32,1,32,0,50,-1,1
"554",2015-03-17 18:06:01,2015-03-17 20:06:01,2015-03-17 20:06:53,0,32,0,40,16,38,1,40,0,50,-1,1
"555",2015-03-17 18:07:31,2015-03-17 20:07:31,2015-03-17 20:08:21,4,32,120,32,16,32,1,32,0,50,-1,1
"556",2015-03-17 18:09:01,2015-03-17 20:09:01,2015-03-17 20:09:51,0,32,0,40,16,38,1,40,0,50,-1,1
"557",2015-03-17 18:10:31,2015-03-17 20:10:31,2015-03-17 20:11:21,0,32,0,40,16,38,1,40,0,50,-1,1
"558",2015-03-17 18:12:01,2015-03-17 20:12:01,2015-03-17 20:12:53,0,32,0,40,16,38,1,40,0,50,-1,1
"559",2015-03-17 18:13:31,2015-03-17 20:13:31,2015-03-17 20:14:25,0,32,0,40,16,38,1,40,0,50,-1,1
"560",2015-03-17 18:15:01,2015-03-17 20:15:01,2015-03-17 20:15:51,0,32,0,40,16,38,1,40,0,50,-1,1
"561",2015-03-17 18:16:31,2015-03-17 20:16:31,2015-03-17 20:17:21,0,32,0,40,16,38,1,40,0,50,-1,1
"562",2015-03-17 18:18:01,2015-03-17 20:18:01,2015-03-17 20:18:47,0,32,0,40,16,38,1,40,0,50,-1,1
"563",2015-03-17 18:19:31,2015-03-17 20:19:31,2015-03-17 20:20:22,1,32,40,32,16,32,1,32,0,50,-1,1
"564",2015-03-17 18:21:01,2015-03-17 20:21:01,2015-03-17 20:22:10,0,32,0,40,16,38,1,40,0,50,-1,1
"565",2015-03-17 18:22:31,2015-03-17 20:22:31,2015-03-17 20:23:21,0,32,0,40,16,38,1,40,0,50,-1,1
"566",2015-03-17 18:24:01,2015-03-17 20:24:01,2015-03-17 20:24:53,0,32,0,40,16,38,1,40,0,50,-1,1
"567",2015-03-17 18:25:31,2015-03-17 20:25:31,2015-03-17 20:26:17,3,32,40,32,16,32,1,32,0,50,-1,1
"568",2015-03-17 18:27:01,2015-03-17 20:27:01,2015-03-17 20:27:53,0,32,0,40,16,38,1,40,0,50,-1,1
"569",2015-03-17 18:28:31,2015-03-17 20:28:31,2015-03-17 20:29:24,0,32,0,40,16,38,1,40,0,50,-1,1
"570",2015-03-17 18:30:01,2015-03-17 20:30:01,2015-03-17 20:30:55,1,32,40,32,16,32,1,32,0,50,-1,1
"571",2015-03-17 18:31:31,2015-03-17 20:31:31,2015-03-17 20:32:19,1,32,40,32,16,32,1,32,0,50,-1,1
"572",2015-03-17 18:33:01,2015-03-17 20:33:01,2015-03-17 20:33:48,0,32,0,40,16,38,1,40,0,50,-1,1
"573",2015-03-17 18:34:31,2015-03-17 20:34:31,2015-03-17 20:35:17,0,32,0,40,16,38,1,40,0,50,-1,1
"574",2015-03-17 18:36:01,2015-03-17 20:36:01,2015-03-17 20:36:48,0,32,0,40,16,38,1,40,0,50,-1,1
"575",2015-03-17 18:37:31,2015-03-17 20:37:31,2015-03-17 20:38:21,2,32,40,32,16,32,1,32,0,50,-1,1
"576",2015-03-17 18:39:01,2015-03-17 20:39:01,2015-03-17 20:39:50,0,32,0,40,16,38,1,40,0,50,-1,1
"577",2015-03-17 18:40:31,2015-03-17 20:40:31,2015-03-17 20:41:30,0,32,0,40,16,38,1,40,0,50,-1,1
"578",2015-03-17 18:42:01,2015-03-17 20:42:01,2015-03-17 20:42:48,2,32,40,32,16,32,1,32,0,50,-1,1
"579",2015-03-17 18:43:31,2015-03-17 20:43:31,2015-03-17 20:46:28,1,32,80,32,16,32,1,32,0,50,-1,1
"580",2015-03-17 18:45:01,2015-03-17 20:45:01,2015-03-17 20:46:45,0,32,0,40,16,38,1,40,0,50,-1,1
"581",2015-03-17 18:46:31,2015-03-17 20:46:31,2015-03-17 20:47:21,2,32,40,32,16,32,1,32,0,50,-1,1
"582",2015-03-17 18:48:01,2015-03-17 20:48:01,2015-03-17 20:48:51,1,32,40,32,16,32,1,32,0,50,-1,1
"583",2015-03-17 18:49:31,2015-03-17 20:49:31,2015-03-17 20:50:18,1,32,40,32,16,32,1,32,0,50,-1,1
"584",2015-03-17 18:51:01,2015-03-17 20:51:01,2015-03-17 20:51:51,0,32,0,40,16,38,1,40,0,50,-1,1
"585",2015-03-17 18:52:31,2015-03-17 20:52:31,2015-03-17 20:53:24,5,32,120,32,8,32,1,32,0,50,-1,1
"586",2015-03-17 18:54:01,2015-03-17 20:54:01,2015-03-17 20:54:47,0,32,0,40,16,38,1,40,0,50,-1,1
"587",2015-03-17 18:55:31,2015-03-17 20:55:31,2015-03-17 20:56:23,0,32,0,40,16,38,1,40,0,50,-1,1
"588",2015-03-17 18:57:01,2015-03-17 20:57:01,2015-03-17 20:57:53,0,32,40,32,16,38,1,38,0,50,-1,1
"589",2015-03-17 18:58:31,2015-03-17 20:58:31,2015-03-17 20:59:21,0,32,0,40,16,38,1,40,0,50,-1,1
"590",2015-03-17 19:00:01,2015-03-17 21:00:01,2015-03-17 21:00:47,5,32,80,32,8,32,1,32,0,50,-1,1
"591",2015-03-17 19:01:31,2015-03-17 21:01:31,2015-03-17 21:02:18,0,32,0,40,16,38,1,40,0,50,-1,1
"592",2015-03-17 19:03:01,2015-03-17 21:03:01,2015-03-17 21:03:47,0,32,0,40,16,38,1,40,0,50,-1,1
"593",2015-03-17 19:04:31,2015-03-17 21:04:31,2015-03-17 21:05:17,0,32,0,40,16,38,1,40,0,50,-1,1
"594",2015-03-17 19:06:01,2015-03-17 21:06:01,2015-03-17 21:06:48,1,32,40,32,16,32,1,32,0,50,-1,1
"595",2015-03-17 19:07:31,2015-03-17 21:07:31,2015-03-17 21:08:18,0,32,0,40,16,38,1,40,0,50,-1,1
"596",2015-03-17 19:09:01,2015-03-17 21:09:01,2015-03-17 21:09:54,0,32,0,40,16,38,1,40,0,50,-1,1
"597",2015-03-17 19:10:31,2015-03-17 21:10:31,2015-03-17 21:11:17,0,32,0,40,16,38,1,40,0,50,-1,1
"598",2015-03-17 19:12:01,2015-03-17 21:12:01,2015-03-17 21:12:47,1,32,40,32,16,32,1,32,0,50,-1,1
"599",2015-03-17 19:13:31,2015-03-17 21:13:31,2015-03-17 21:14:20,0,32,0,40,16,38,1,40,0,50,-1,1
"600",2015-03-17 19:15:01,2015-03-17 21:15:01,2015-03-17 21:15:55,0,32,0,40,16,38,1,40,0,50,-1,1
"601",2015-03-17 19:16:31,2015-03-17 21:16:31,2015-03-17 21:17:22,5,32,80,32,8,32,1,32,0,50,-1,1
"602",2015-03-17 19:18:01,2015-03-17 21:18:01,2015-03-17 21:18:48,2,32,40,32,16,32,1,32,0,50,-1,1
"603",2015-03-17 19:19:31,2015-03-17 21:19:31,2015-03-17 21:20:24,0,32,0,40,16,38,1,40,0,50,-1,1
"604",2015-03-17 19:21:01,2015-03-17 21:21:01,2015-03-17 21:21:52,0,32,0,40,16,38,1,40,0,50,-1,1
"605",2015-03-17 19:22:31,2015-03-17 21:22:31,2015-03-17 21:23:21,0,32,0,40,16,38,1,40,0,50,-1,1
"606",2015-03-17 19:24:01,2015-03-17 21:24:01,2015-03-17 21:24:50,5,32,40,32,8,32,1,32,0,50,-1,1
"607",2015-03-17 19:25:31,2015-03-17 21:25:31,2015-03-17 21:26:17,4,32,40,32,16,32,1,32,0,50,-1,1
"608",2015-03-17 19:27:01,2015-03-17 21:27:01,2015-03-17 21:27:55,0,32,0,40,16,38,1,40,0,50,-1,1
"609",2015-03-17 19:28:31,2015-03-17 21:28:31,2015-03-17 21:29:23,1,32,40,32,16,32,1,32,0,50,-1,1
"610",2015-03-17 19:30:01,2015-03-17 21:30:01,2015-03-17 21:30:47,1,32,40,32,16,32,1,32,0,50,-1,1
"611",2015-03-17 19:31:31,2015-03-17 21:31:31,2015-03-17 21:32:24,0,32,0,40,16,38,1,40,0,50,-1,1
"612",2015-03-17 19:33:01,2015-03-17 21:33:01,2015-03-17 21:33:47,0,32,0,40,16,38,1,40,0,50,-1,1
"613",2015-03-17 19:34:31,2015-03-17 21:34:31,2015-03-17 21:35:21,0,32,0,40,16,38,1,40,0,50,-1,1
"614",2015-03-17 19:36:01,2015-03-17 21:36:01,2015-03-17 21:36:47,0,32,0,40,16,38,1,40,0,50,-1,1
"615",2015-03-17 19:37:31,2015-03-17 21:37:31,2015-03-17 21:38:24,0,32,0,40,16,38,1,40,0,50,-1,1
"616",2015-03-17 19:39:01,2015-03-17 21:39:01,2015-03-17 21:39:48,2,32,40,32,16,32,1,32,0,50,-1,1
"617",2015-03-17 19:40:31,2015-03-17 21:40:31,2015-03-17 21:41:18,0,32,0,40,16,38,1,40,0,50,-1,1
"618",2015-03-17 19:42:01,2015-03-17 21:42:01,2015-03-17 21:42:48,0,32,0,40,16,38,1,40,0,50,-1,1
"619",2015-03-17 19:43:31,2015-03-17 21:43:31,2015-03-17 21:44:21,0,32,0,40,16,38,1,40,0,50,-1,1
"620",2015-03-17 19:45:01,2015-03-17 21:45:01,2015-03-17 21:46:18,0,32,0,40,16,38,1,40,0,50,-1,1
"621",2015-03-17 19:46:31,2015-03-17 21:46:31,2015-03-17 21:47:24,0,32,0,40,16,38,1,40,0,50,-1,1
"622",2015-03-17 19:48:01,2015-03-17 21:48:01,2015-03-17 21:48:47,0,32,40,32,16,38,1,38,0,50,-1,1
"623",2015-03-17 19:49:31,2015-03-17 21:49:31,2015-03-17 21:50:20,0,32,0,40,16,38,1,40,0,50,-1,1
"624",2015-03-17 19:51:01,2015-03-17 21:51:01,2015-03-17 21:51:54,0,32,0,40,16,38,1,40,0,50,-1,1
"625",2015-03-17 19:52:31,2015-03-17 21:52:31,2015-03-17 21:53:22,0,32,0,40,16,38,1,40,0,50,-1,1
"626",2015-03-17 19:54:01,2015-03-17 21:54:01,2015-03-17 21:54:47,1,32,40,32,16,32,1,32,0,50,-1,1
"627",2015-03-17 19:55:31,2015-03-17 21:55:31,2015-03-17 21:56:18,0,32,0,40,16,38,1,40,0,50,-1,1
"628",2015-03-17 19:57:01,2015-03-17 21:57:01,2015-03-17 21:57:47,0,32,0,40,16,38,1,40,0,50,-1,1
"629",2015-03-17 19:58:31,2015-03-17 21:58:31,2015-03-17 21:59:21,0,32,0,40,16,38,1,40,0,50,-1,1
"630",2015-03-17 20:00:01,2015-03-17 22:00:01,2015-03-17 22:00:52,0,32,0,40,16,38,1,40,0,50,-1,1
"631",2015-03-17 20:01:31,2015-03-17 22:01:31,2015-03-17 22:02:20,0,32,0,40,16,38,1,40,0,50,-1,1
"632",2015-03-17 20:03:01,2015-03-17 22:03:01,2015-03-17 22:03:16,0,32,0,40,16,38,1,40,0,50,-1,1
"633",2015-03-17 20:04:31,2015-03-17 22:04:31,2015-03-17 22:05:26,0,32,0,40,16,38,1,40,0,50,-1,1
"634",2015-03-17 20:06:01,2015-03-17 22:06:01,2015-03-17 22:06:48,0,32,0,40,16,38,1,40,0,50,-1,1
"635",2015-03-17 20:07:31,2015-03-17 22:07:31,2015-03-17 22:08:25,0,32,0,40,16,38,1,40,0,50,-1,1
"636",2015-03-17 20:09:01,2015-03-17 22:09:01,2015-03-17 22:09:53,0,32,0,40,16,38,1,40,0,50,-1,1
"637",2015-03-17 20:10:31,2015-03-17 22:10:31,2015-03-17 22:11:23,0,32,0,40,16,38,1,40,0,50,-1,1
"638",2015-03-17 20:12:01,2015-03-17 22:12:01,2015-03-17 22:12:46,0,32,0,40,16,38,1,40,0,50,-1,1
"639",2015-03-17 20:13:31,2015-03-17 22:13:31,2015-03-17 22:14:17,1,32,40,32,16,32,1,32,0,50,-1,1
"640",2015-03-17 20:15:01,2015-03-17 22:15:01,2015-03-17 22:15:51,1,32,40,32,16,32,1,32,0,50,-1,1
"641",2015-03-17 20:16:31,2015-03-17 22:16:31,2015-03-17 22:17:23,6,32,40,32,8,32,1,32,0,50,-1,1
"642",2015-03-17 20:18:01,2015-03-17 22:18:01,2015-03-17 22:18:53,0,32,0,40,16,38,1,40,0,50,-1,1
"643",2015-03-17 20:19:31,2015-03-17 22:19:31,2015-03-17 22:20:21,0,32,0,40,16,38,1,40,0,50,-1,1
"644",2015-03-17 20:21:01,2015-03-17 22:21:01,2015-03-17 22:21:50,0,32,0,40,16,38,1,40,0,50,-1,1
"645",2015-03-17 20:22:31,2015-03-17 22:22:31,2015-03-17 22:23:24,0,32,0,40,16,38,1,40,0,50,-1,1
"646",2015-03-17 20:24:01,2015-03-17 22:24:01,2015-03-17 22:24:50,1,32,80,32,16,32,1,32,0,50,-1,1
"647",2015-03-17 20:25:31,2015-03-17 22:25:31,2015-03-17 22:26:23,0,32,0,40,16,38,1,40,0,50,-1,1
"648",2015-03-17 20:27:01,2015-03-17 22:27:01,2015-03-17 22:27:51,0,32,0,40,16,38,1,40,0,50,-1,1
"649",2015-03-17 20:28:31,2015-03-17 22:28:31,2015-03-17 22:29:24,0,32,0,40,16,38,1,40,0,50,-1,1
"650",2015-03-17 20:30:01,2015-03-17 22:30:01,2015-03-17 22:30:47,2,32,80,32,16,32,1,32,0,50,-1,1
"651",2015-03-17 20:31:31,2015-03-17 22:31:31,2015-03-17 22:32:24,0,32,0,40,16,38,1,40,0,50,-1,1
"652",2015-03-17 20:33:01,2015-03-17 22:33:01,2015-03-17 22:33:47,0,32,0,40,16,38,1,40,0,50,-1,1
"653",2015-03-17 20:34:31,2015-03-17 22:34:31,2015-03-17 22:35:22,0,32,0,40,16,38,1,40,0,50,-1,1
"654",2015-03-17 20:36:01,2015-03-17 22:36:01,2015-03-17 22:36:47,0,32,0,40,16,38,1,40,0,50,-1,1
"655",2015-03-17 20:37:31,2015-03-17 22:37:31,2015-03-17 22:38:21,1,32,40,32,16,32,1,32,0,50,-1,1
"656",2015-03-17 20:39:01,2015-03-17 22:39:01,2015-03-17 22:39:48,1,32,40,32,16,32,1,32,0,50,-1,1
"657",2015-03-17 20:40:31,2015-03-17 22:40:31,2015-03-17 22:41:20,0,32,0,40,16,38,1,40,0,50,-1,1
"658",2015-03-17 20:42:01,2015-03-17 22:42:01,2015-03-17 22:42:48,0,32,0,40,16,38,1,40,0,50,-1,1
"659",2015-03-17 20:43:31,2015-03-17 22:43:31,2015-03-17 22:44:17,0,32,0,40,16,38,1,40,0,50,-1,1
"660",2015-03-17 20:45:01,2015-03-17 22:45:01,2015-03-17 22:45:50,0,32,0,40,16,38,1,40,0,50,-1,1
"661",2015-03-17 20:46:31,2015-03-17 22:46:31,2015-03-17 22:47:23,2,32,40,32,16,32,1,32,0,50,-1,1
"662",2015-03-17 20:48:01,2015-03-17 22:48:01,2015-03-17 22:48:47,0,32,40,32,16,38,1,38,0,50,-1,1
"663",2015-03-17 20:49:31,2015-03-17 22:49:31,2015-03-17 22:50:18,0,32,0,40,16,38,1,40,0,50,-1,1
"664",2015-03-17 20:51:01,2015-03-17 22:51:01,2015-03-17 22:51:53,0,32,40,32,16,38,1,38,0,50,-1,1
"665",2015-03-17 20:52:31,2015-03-17 22:52:31,2015-03-17 22:53:42,1,32,40,32,16,32,1,32,0,50,-1,1
"666",2015-03-17 20:54:01,2015-03-17 22:54:01,2015-03-17 22:54:47,0,32,0,40,16,38,1,40,0,50,-1,1
"667",2015-03-17 20:55:31,2015-03-17 22:55:31,2015-03-17 22:56:22,0,32,0,40,16,38,1,40,0,50,-1,1
"668",2015-03-17 20:57:01,2015-03-17 22:57:01,2015-03-17 22:57:48,0,32,0,40,16,38,1,40,0,50,-1,1
"669",2015-03-17 20:58:31,2015-03-17 22:58:31,2015-03-17 22:59:24,0,32,0,40,16,38,1,40,0,50,-1,1
"670",2015-03-17 21:00:01,2015-03-17 23:00:01,2015-03-17 23:00:49,0,32,0,40,16,38,1,40,0,50,-1,1
"671",2015-03-17 21:01:31,2015-03-17 23:01:31,2015-03-17 23:02:20,0,32,0,40,16,38,1,40,0,50,-1,1
"672",2015-03-17 21:03:01,2015-03-17 23:03:01,2015-03-17 23:03:48,0,32,0,40,16,38,1,40,0,50,-1,1
"673",2015-03-17 21:04:31,2015-03-17 23:04:31,2015-03-17 23:05:19,0,32,0,40,16,38,1,40,0,50,-1,1
"674",2015-03-17 21:06:01,2015-03-17 23:06:01,2015-03-17 23:06:47,0,32,0,40,16,38,1,40,0,50,-1,1
"675",2015-03-17 21:07:31,2015-03-17 23:07:31,2015-03-17 23:08:23,0,32,0,40,16,38,1,40,0,50,-1,1
"676",2015-03-17 21:09:01,2015-03-17 23:09:01,2015-03-17 23:09:51,0,32,0,40,16,38,1,40,0,50,-1,1
"677",2015-03-17 21:10:31,2015-03-17 23:10:31,2015-03-17 23:11:21,0,32,0,40,16,38,1,40,0,50,-1,1
"678",2015-03-17 21:12:01,2015-03-17 23:12:01,2015-03-17 23:12:47,0,32,0,40,16,38,1,40,0,50,-1,1
"679",2015-03-17 21:13:31,2015-03-17 23:13:31,2015-03-17 23:14:16,0,32,0,40,16,38,1,40,0,50,-1,1
"680",2015-03-17 21:15:01,2015-03-17 23:15:01,2015-03-17 23:15:53,0,32,0,40,16,38,1,40,0,50,-1,1
"681",2015-03-17 21:16:31,2015-03-17 23:16:31,2015-03-17 23:17:24,0,32,0,40,16,38,1,40,0,50,-1,1
"682",2015-03-17 21:18:01,2015-03-17 23:18:01,2015-03-17 23:18:48,0,32,0,40,16,38,1,40,0,50,-1,1
"683",2015-03-17 21:19:31,2015-03-17 23:19:31,2015-03-17 23:20:21,0,32,0,40,16,38,1,40,0,50,-1,1
"684",2015-03-17 21:21:01,2015-03-17 23:21:01,2015-03-17 23:21:47,0,32,0,40,16,38,1,40,0,50,-1,1
"685",2015-03-17 21:22:31,2015-03-17 23:22:31,2015-03-17 23:23:21,0,32,0,40,16,38,1,40,0,50,-1,1
"686",2015-03-17 21:24:01,2015-03-17 23:24:01,2015-03-17 23:24:50,0,32,0,40,16,38,1,40,0,50,-1,1
"687",2015-03-17 21:25:31,2015-03-17 23:25:31,2015-03-17 23:26:18,0,32,0,40,16,38,1,40,0,50,-1,1
"688",2015-03-17 21:27:01,2015-03-17 23:27:01,2015-03-17 23:27:48,0,32,0,40,16,38,1,40,0,50,-1,1
"689",2015-03-17 21:28:31,2015-03-17 23:28:31,2015-03-17 23:29:23,0,32,0,40,16,38,1,40,0,50,-1,1
"690",2015-03-17 21:30:01,2015-03-17 23:30:01,2015-03-17 23:30:51,0,32,0,40,16,38,1,40,0,50,-1,1
"691",2015-03-17 21:31:31,2015-03-17 23:31:31,2015-03-17 23:32:18,5,32,80,32,8,32,1,32,0,50,-1,1
"692",2015-03-17 21:33:01,2015-03-17 23:33:01,2015-03-17 23:33:51,0,32,0,40,16,38,1,40,0,50,-1,1
"693",2015-03-17 21:34:31,2015-03-17 23:34:31,2015-03-17 23:35:22,0,32,0,40,16,38,1,40,0,50,-1,1
"694",2015-03-17 21:36:01,2015-03-17 23:36:01,2015-03-17 23:36:48,0,32,0,40,16,38,1,40,0,50,-1,1
"695",2015-03-17 21:37:31,2015-03-17 23:37:31,2015-03-17 23:38:25,0,32,0,40,16,38,1,40,0,50,-1,1
"696",2015-03-17 21:39:01,2015-03-17 23:39:01,2015-03-17 23:39:47,0,32,0,40,16,38,1,40,0,50,-1,1
"697",2015-03-17 21:40:31,2015-03-17 23:40:31,2015-03-17 23:41:17,0,32,0,40,16,38,1,40,0,50,-1,1
"698",2015-03-17 21:42:01,2015-03-17 23:42:01,2015-03-17 23:42:47,0,32,0,40,16,38,1,40,0,50,-1,1
"699",2015-03-17 21:43:31,2015-03-17 23:43:31,2015-03-17 23:44:16,0,32,0,40,16,38,1,40,0,50,-1,1
"700",2015-03-17 21:45:01,2015-03-17 23:45:01,2015-03-17 23:45:50,0,32,0,40,16,38,1,40,0,50,-1,1
"701",2015-03-17 21:46:31,2015-03-17 23:46:31,2015-03-17 23:47:21,0,32,0,40,16,38,1,40,0,50,-1,1
"702",2015-03-17 21:48:01,2015-03-17 23:48:01,2015-03-17 23:48:47,0,32,0,40,16,38,1,40,0,50,-1,1
"703",2015-03-17 21:49:31,2015-03-17 23:49:31,2015-03-17 23:50:23,0,32,0,40,16,38,1,40,0,50,-1,1
"704",2015-03-17 21:51:01,2015-03-17 23:51:01,2015-03-17 23:51:50,0,32,0,40,16,38,1,40,0,50,-1,1
"705",2015-03-17 21:52:31,2015-03-17 23:52:31,2015-03-17 23:53:19,0,32,0,40,16,38,1,40,0,50,-1,1
"706",2015-03-17 21:54:01,2015-03-17 23:54:01,2015-03-17 23:54:47,0,32,0,40,16,38,1,40,0,50,-1,1
"707",2015-03-17 21:55:31,2015-03-17 23:55:31,2015-03-17 23:56:18,0,32,0,40,16,38,1,40,0,50,-1,1
"708",2015-03-17 21:57:01,2015-03-17 23:57:01,2015-03-17 23:57:54,0,32,0,40,16,38,1,40,0,50,-1,1
"709",2015-03-17 21:58:31,2015-03-17 23:58:31,2015-03-17 23:59:21,0,32,0,40,16,38,1,40,0,50,-1,1
